file,ordinal,channel,channel_type,name,verts,tris,uv_sets,fvf,poly_type,bytes,size_x,size_y,size_z,error
Actors/Boss_TrafficRunner.cgr,0,207,3D ObjectData,al-01,1240,860,1,0x112,4,44992,9.9638,3.0556,9.7335,
Actors/Boss_TrafficRunner.cgr,1,228,3D ObjectData,car12,2427,2244,1,0x112,4,91280,4.7309,3.7428,7.6193,
Actors/Boss_TrafficRunner.cgr,2,230,3D ObjectData,car1211,54,40,1,0x112,4,2120,4.1262,1.3117,7.0527,
Actors/Boss_TrafficRunner.cgr,3,232,3D ObjectData,car1211E,53,28,1,0x112,4,2016,2.418,0.5984,1.424,
Actors/Boss_TrafficRunner.cgr,4,234,3D ObjectData,car122,321,262,1,0x112,4,11996,4.4609,3.5232,6.6633,
Actors/Debris.cgr,0,94,Tune_Forest,Tune_Forest,800,400,1,0x142,4,21752,0.0,0.0,0.0,
Actors/Debris.cgr,1,233,Tune_Forest,Tune_Forest,100,50,1,0x142,4,2852,0.0,0.0,0.0,
Actors/Debris.cgr,2,234,Tune_Forest,Tune_Forest,200,100,1,0x142,4,5552,0.0,0.0,0.0,
Actors/Enemies_Flight.cgr,0,131,3D ObjectData,al-01,706,428,1,0x112,4,25312,9.6514,4.1184,13.8611,
Actors/Explosion.cgr,0,57,3D ObjectData,Explosion.3ds,306,608,1,0x112,4,13592,1.359,1.359,1.1895,
Actors/Player_Pullers.cgr,0,176,3D ObjectData,RopePullerRocket.3ds,140,280,1,0x112,4,6312,0.784,1.8408,3.6759,
Actors/Player_Pullers.cgr,1,194,3D ObjectData,RopePullerWithBalls.3ds,254,504,1,0x112,4,11304,0.784,1.9225,3.6759,
Actors/PlayerCar_Boomer.cgr,0,68,3D ObjectData,Vertex Data,766,644,3,0x312,4,40864,56.0416,20.3086,45.6726,
Actors/PlayerCar_Boomer.cgr,1,87,3D ObjectData,Vertex Data,714,628,3,0x312,4,38272,61.262,22.7907,43.1439,
Actors/PlayerCar_Boomer.cgr,2,122,3D ObjectData,Vertex Data,58,48,3,0x312,4,3304,8.0325,6.8949,22.2687,
Actors/PlayerCar_Boomer.cgr,3,159,3D ObjectData,Vertex Data,50,56,3,0x312,4,2968,1.378,34.0208,15.9227,
Actors/PlayerCar_Boomer.cgr,4,371,3D ObjectData,Vertex Data,86,120,3,0x312,4,5080,17.063,17.0629,7.8284,
Actors/PlayerCar_Boomer.cgr,5,450,3D ObjectData,Vertex Data,64,120,3,0x312,4,4024,17.063,15.5014,7.1119,
Actors/PlayerCar_Boomer.cgr,6,539,3D ObjectData,Vertex Data,64,120,3,0x312,4,4024,17.063,14.8846,6.829,
Actors/PlayerCar_Boomer.cgr,7,586,3D ObjectData,Vertex Data,64,120,3,0x312,4,4024,13.4259,12.1271,5.5638,
Actors/PlayerCar_Boomer.cgr,8,608,3D ObjectData,Vertex Data,86,120,3,0x312,4,5080,17.063,17.0629,7.8284,
Actors/PlayerCar_Boomer.cgr,9,635,3D ObjectData,Vertex Data,64,120,3,0x312,4,4024,17.063,15.5014,7.1119,
Actors/PlayerCar_Boomer.cgr,10,665,3D ObjectData,Vertex Data,64,120,3,0x312,4,4024,17.063,14.8846,6.829,
Actors/PlayerCar_Boomer.cgr,11,698,3D ObjectData,Vertex Data,64,120,3,0x312,4,4024,13.4259,12.1271,5.5638,
Actors/PlayerCar_Boomer2.cgr,0,16,3D ObjectData,Vertex Data,1207,870,3,0x312,4,63388,370.8285,134.4062,326.1482,
Actors/PlayerCar_Boomer2.cgr,1,32,3D ObjectData,Vertex Data,1300,1044,3,0x312,4,68896,417.3511,163.9753,321.5165,
Actors/PlayerCar_Boomer2.cgr,2,48,3D ObjectData,Vertex Data,58,48,3,0x312,4,3304,52.6739,45.2143,121.331,
Actors/PlayerCar_Boomer2.cgr,3,78,3D ObjectData,Vertex Data,50,56,3,0x312,4,2968,7.5082,185.3628,86.7549,
Actors/PlayerCar_Boomer2.cgr,4,108,3D ObjectData,Vertex Data,85,120,3,0x312,4,5032,92.9677,92.9675,42.6529,
Actors/PlayerCar_Boomer2.cgr,5,138,3D ObjectData,Vertex Data,63,120,3,0x312,4,3976,92.9677,84.4596,38.7495,
Actors/PlayerCar_Boomer2.cgr,6,168,3D ObjectData,Vertex Data,63,120,3,0x312,4,3976,92.9677,81.099,37.2077,
Actors/PlayerCar_Boomer2.cgr,7,198,3D ObjectData,Vertex Data,63,120,3,0x312,4,3976,73.1511,66.0743,30.3145,
Actors/PlayerCar_Boomer2.cgr,8,218,3D ObjectData,Vertex Data,85,120,3,0x312,4,5032,92.9677,92.9675,42.6529,
Actors/PlayerCar_Boomer2.cgr,9,244,3D ObjectData,Vertex Data,63,120,3,0x312,4,3976,92.9677,84.4596,38.7495,
Actors/PlayerCar_Boomer2.cgr,10,270,3D ObjectData,Vertex Data,63,120,3,0x312,4,3976,92.9677,81.099,37.2077,
Actors/PlayerCar_Boomer2.cgr,11,296,3D ObjectData,Vertex Data,63,120,3,0x312,4,3976,73.1511,66.0743,30.3145,
Actors/PlayerCar_Boomer2.cgr,12,329,3D ObjectData,Vertex Data,50,56,3,0x312,4,2968,7.5082,185.3628,86.7549,
Actors/PlayerCar_DragWarp.cgr,0,97,3D ObjectData,Vertex Data,372,348,3,0x312,4,20176,49.7788,12.1768,116.7126,
Actors/PlayerCar_DragWarp.cgr,1,258,3D ObjectData,Vertex Data,118,80,3,0x312,4,6376,20.7351,19.7203,1.4602,
Actors/PlayerCar_DragWarp.cgr,2,287,3D ObjectData,Vertex Data,36,20,3,0x312,4,2080,0.8222,14.0618,10.3602,
Actors/PlayerCar_DragWarp.cgr,3,318,3D ObjectData,Vertex Data,118,80,3,0x312,4,6376,18.4185,17.517,1.2971,
Actors/PlayerCar_DragWarp.cgr,4,356,3D ObjectData,Vertex Data,120,80,3,0x312,4,6472,15.9495,15.1689,1.1232,
Actors/PlayerCar_DragWarp.cgr,5,380,3D ObjectData,Vertex Data,116,80,3,0x312,4,6280,13.7593,13.0858,0.969,
Actors/PlayerCar_DragWarp.cgr,6,399,3D ObjectData,Vertex Data,118,80,3,0x312,4,6376,20.7351,19.7203,1.4602,
Actors/PlayerCar_DragWarp.cgr,7,421,3D ObjectData,Vertex Data,118,80,3,0x312,4,6376,18.4185,17.517,1.2971,
Actors/PlayerCar_DragWarp.cgr,8,443,3D ObjectData,Vertex Data,120,80,3,0x312,4,6472,15.9495,15.1689,1.1232,
Actors/PlayerCar_DragWarp.cgr,9,465,3D ObjectData,Vertex Data,116,80,3,0x312,4,6280,13.7593,13.0858,0.969,
Actors/PlayerCar_DragWarp.cgr,10,564,3D ObjectData,Vertex Data,36,20,3,0x312,4,2080,0.8222,14.0618,10.3602,
Actors/PlayerCar_DragWarp.cgr,11,584,3D ObjectData,Vertex Data,498,392,3,0x312,4,26488,80.6266,15.49,55.8176,
Actors/PlayerCar_DragWarp.cgr,12,586,3D ObjectData,Vertex Data,335,244,3,0x312,4,17776,70.0866,8.1708,114.6223,
Actors/PlayerCar_EraserElite.cgr,0,121,3D ObjectData,Vertex Data,54,36,3,0x312,4,3040,1.0825,30.4088,12.6352,
Actors/PlayerCar_EraserElite.cgr,1,149,3D ObjectData,Vertex Data,54,36,3,0x312,4,3040,1.0825,30.4088,12.6352,
Actors/PlayerCar_EraserElite.cgr,2,175,3D ObjectData,Vertex Data,224,192,3,0x312,4,12136,24.508,24.508,2.1143,
Actors/PlayerCar_EraserElite.cgr,3,220,3D ObjectData,Vertex Data,224,192,3,0x312,4,12136,20.2069,20.2069,2.0271,
Actors/PlayerCar_EraserElite.cgr,4,585,3D ObjectData,Vertex Data,224,192,3,0x312,4,12136,16.2007,16.2007,2.2096,
Actors/PlayerCar_EraserElite.cgr,5,619,3D ObjectData,Vertex Data,224,192,3,0x312,4,12136,12.6127,12.6127,2.0868,
Actors/PlayerCar_EraserElite.cgr,6,641,3D ObjectData,Vertex Data,224,192,3,0x312,4,12136,24.508,24.508,2.1143,
Actors/PlayerCar_EraserElite.cgr,7,667,3D ObjectData,Vertex Data,224,192,3,0x312,4,12136,20.2069,20.2069,2.0271,
Actors/PlayerCar_EraserElite.cgr,8,693,3D ObjectData,Vertex Data,224,192,3,0x312,4,12136,16.2007,16.2007,2.2096,
Actors/PlayerCar_EraserElite.cgr,9,719,3D ObjectData,Vertex Data,224,192,3,0x312,4,12136,12.6127,12.6127,2.0868,
Actors/PlayerCar_EraserElite.cgr,10,738,3D ObjectData,Vertex Data,653,318,3,0x312,4,33484,33.8659,35.4498,107.9539,
Actors/PlayerCar_EraserElite.cgr,11,740,3D ObjectData,Vertex Data,75,60,3,0x312,4,4192,31.0561,32.6102,53.7303,
Actors/PlayerCar_EraserElite.cgr,12,742,3D ObjectData,Vertex Data,649,318,3,0x312,4,33292,33.8659,35.4498,107.9539,
Actors/PlayerCar_EraserElite.cgr,13,744,3D ObjectData,Vertex Data,75,60,3,0x312,4,4192,31.0561,32.6102,53.7303,
Actors/PlayerCar_EraserElite.cgr,14,746,3D ObjectData,Vertex Data,513,309,3,0x312,4,26710,45.9843,17.2813,128.2198,
Actors/PlayerCar_EraserElite.cgr,15,749,3D ObjectData,Vertex Data,396,261,3,0x312,4,20806,45.8932,19.2026,136.9427,
Actors/PlayerCar_Jetboat.cgr,0,64,3D ObjectData,Turbine.3ds,136,256,1,0x112,4,6040,2.0,2.0,4.6638,
Actors/PlayerCar_Jetboat.cgr,1,73,3D ObjectData,CockpitThin,279,554,1,0x112,4,12404,5.1552,2.3296,7.0289,
Actors/PlayerCar_Jetboat.cgr,2,116,3D ObjectData,TurbineWires,418,880,1,0x112,4,18808,2.0,2.0122,5.4817,
Actors/PlayerCar_Jetboat.cgr,3,157,3D ObjectData,fin.3ds,122,236,1,0x112,4,5472,0.552,2.0,1.368,
Actors/PlayerCar_Ovol.cgr,0,248,3D ObjectData,Vertex Data,41,34,3,0x312,4,2404,48.5327,36.96,41.785,
Actors/PlayerCar_Ovol.cgr,1,273,3D ObjectData,Vertex Data,84,28,3,0x312,4,4432,48.5327,36.96,41.785,
Actors/PlayerCar_Ovol.cgr,2,303,3D ObjectData,Vertex Data,40,32,3,0x312,4,2344,34.3284,34.2563,25.7031,
Actors/PlayerCar_Ovol.cgr,3,319,3D ObjectData,Vertex Data,84,28,3,0x312,4,4432,34.3284,34.2563,25.7031,
Actors/PlayerCar_Ovol.cgr,4,349,3D ObjectData,Vertex Data,40,32,3,0x312,4,2344,23.9226,26.5202,23.7702,
Actors/PlayerCar_Ovol.cgr,5,365,3D ObjectData,Vertex Data,84,28,3,0x312,4,4432,23.9226,26.5202,23.7702,
Actors/PlayerCar_Ovol.cgr,6,397,3D ObjectData,Vertex Data,146,96,3,0x312,4,7816,17.2177,19.188,18.1716,
Actors/PlayerCar_Ovol.cgr,7,413,3D ObjectData,Vertex Data,58,28,3,0x312,4,3184,17.2177,19.188,16.4489,
Actors/PlayerCar_Ovol.cgr,8,442,3D ObjectData,Vertex Data,96,64,3,0x312,4,5224,77.8405,19.4638,22.3459,
Actors/PlayerCar_Ovol.cgr,9,458,3D ObjectData,Vertex Data,168,56,3,0x312,4,8632,77.8405,19.4638,22.3459,
Actors/PlayerCar_Ovol.cgr,10,488,3D ObjectData,Vertex Data,410,320,3,0x312,4,21832,98.6946,20.9211,125.9764,
Actors/PlayerCar_Ovol.cgr,11,504,3D ObjectData,Vertex Data,116,56,3,0x312,4,6136,80.728,19.4638,124.1281,
Actors/PlayerCar_Ovol.cgr,12,534,3D ObjectData,Vertex Data,96,64,3,0x312,4,5224,67.4938,16.9837,20.0609,
Actors/PlayerCar_Ovol.cgr,13,550,3D ObjectData,Vertex Data,168,56,3,0x312,4,8632,67.4938,16.9837,20.0609,
Actors/PlayerCar_Ovol.cgr,14,580,3D ObjectData,Vertex Data,322,192,3,0x312,4,16840,56.4391,14.9507,18.1466,
Actors/PlayerCar_Ovol.cgr,15,596,3D ObjectData,Vertex Data,116,56,3,0x312,4,6136,56.4391,14.9507,16.276,
Actors/PlayerCar_Ovol.cgr,16,626,3D ObjectData,Vertex Data,135,120,3,0x312,4,7432,54.3888,36.8773,99.7321,
Actors/PlayerCar_Ovol.cgr,17,642,3D ObjectData,Vertex Data,76,34,3,0x312,4,4084,49.9178,36.8773,95.8433,
Actors/PlayerCar_Ovol2.cgr,0,94,3D ObjectData,Vertex Data,151,70,3,0x312,4,7900,60.9992,46.9493,41.785,
Actors/PlayerCar_Ovol2.cgr,1,125,3D ObjectData,Vertex Data,98,36,3,0x312,4,5152,60.9992,46.9493,41.785,
Actors/PlayerCar_Ovol2.cgr,2,203,3D ObjectData,Vertex Data,185,84,3,0x312,4,9616,76.2945,44.746,97.0875,
Actors/PlayerCar_Ovol2.cgr,3,701,3D ObjectData,Vertex Data,268,136,3,0x312,4,13912,17.203,24.374,18.1716,
Actors/PlayerCar_Ovol2.cgr,4,717,3D ObjectData,Vertex Data,70,36,3,0x312,4,3808,17.203,24.374,16.6905,
Actors/PlayerCar_Ovol2.cgr,5,733,3D ObjectData,Vertex Data,624,396,3,0x312,4,32560,132.3875,27.6426,125.6134,
Actors/PlayerCar_Ovol2.cgr,6,749,3D ObjectData,Vertex Data,256,132,3,0x312,4,13312,140.0823,29.9119,125.2263,
Actors/PlayerCar_Ovol2.cgr,7,765,3D ObjectData,Vertex Data,100,64,3,0x312,4,5416,105.8805,19.4638,22.3459,
Actors/PlayerCar_Ovol2.cgr,8,781,3D ObjectData,Vertex Data,212,72,3,0x312,4,10840,110.5157,19.4638,22.3459,
Actors/PlayerCar_Ovol2.cgr,9,797,3D ObjectData,Vertex Data,100,64,3,0x312,4,5416,92.0677,16.9837,19.0929,
Actors/PlayerCar_Ovol2.cgr,10,813,3D ObjectData,Vertex Data,212,72,3,0x312,4,10840,97.8,16.9837,19.0929,
Actors/PlayerCar_Ovol2.cgr,11,829,3D ObjectData,Vertex Data,364,198,3,0x312,4,18892,83.3343,14.9507,15.7301,
Actors/PlayerCar_Ovol2.cgr,12,845,3D ObjectData,Vertex Data,142,66,3,0x312,4,7444,83.3343,14.9507,22.1345,
Actors/PlayerCar_Ovol2.cgr,13,860,3D ObjectData,Vertex Data,229,162,3,0x312,4,12196,76.2945,44.9138,99.8565,
Actors/PlayerCar_Ovol2.cgr,14,862,3D ObjectData,Vertex Data,94,68,3,0x312,4,5152,40.7415,43.5148,25.7031,
Actors/PlayerCar_Ovol2.cgr,15,863,3D ObjectData,Vertex Data,98,36,3,0x312,4,5152,40.7415,43.5148,25.7031,
Actors/PlayerCar_Ovol2.cgr,16,864,3D ObjectData,Vertex Data,94,68,3,0x312,4,5152,27.4465,33.6879,23.7702,
Actors/PlayerCar_Ovol2.cgr,17,865,3D ObjectData,Vertex Data,98,36,3,0x312,4,5152,27.4465,33.6879,23.7702,
Actors/PlayerCar_Rocket.cgr,0,148,3D ObjectData,Vertex Data,576,446,3,0x312,4,30556,29.7656,21.0562,79.617,
Actors/PlayerCar_Rocket.cgr,1,263,3D ObjectData,Vertex Data,342,274,3,0x312,4,18292,28.7218,22.1965,56.8218,
Actors/PlayerCar_Rocket.cgr,2,279,3D ObjectData,Vertex Data,172,152,3,0x312,4,9400,28.7218,22.1965,9.3113,
Actors/PlayerCar_Rocket.cgr,3,319,3D ObjectData,Vertex Data,112,80,3,0x312,4,6088,11.8002,12.4074,1.3366,
Actors/PlayerCar_Rocket.cgr,4,341,3D ObjectData,Vertex Data,128,80,3,0x312,4,6856,6.77,5.0495,0.7441,
Actors/PlayerCar_Rocket.cgr,5,354,3D ObjectData,Vertex Data,128,80,3,0x312,4,6856,10.4106,9.4247,1.3558,
Actors/PlayerCar_Rocket.cgr,6,383,3D ObjectData,Vertex Data,128,80,3,0x312,4,6856,8.4488,6.9254,0.9587,
Actors/PlayerCar_Rocket.cgr,7,458,3D ObjectData,Vertex Data,112,80,3,0x312,4,6088,11.8002,12.4074,1.3366,
Actors/PlayerCar_Rocket.cgr,8,480,3D ObjectData,Vertex Data,128,80,3,0x312,4,6856,6.77,5.0495,0.7441,
Actors/PlayerCar_Rocket.cgr,9,497,3D ObjectData,Vertex Data,128,80,3,0x312,4,6856,10.4106,9.4247,1.3558,
Actors/PlayerCar_Rocket.cgr,10,526,3D ObjectData,Vertex Data,128,80,3,0x312,4,6856,8.4488,6.9254,0.9587,
Actors/PlayerCar_Rocket.cgr,11,650,3D ObjectData,Vertex Data,112,80,3,0x312,4,6088,11.8002,12.4074,1.3366,
Actors/PlayerCar_Rocket.cgr,12,694,3D ObjectData,Vertex Data,128,80,3,0x312,4,6856,6.77,5.0495,0.7441,
Actors/PlayerCar_Rocket.cgr,13,728,3D ObjectData,Vertex Data,128,80,3,0x312,4,6856,10.4106,9.4247,1.3558,
Actors/PlayerCar_Rocket.cgr,14,763,3D ObjectData,Vertex Data,128,80,3,0x312,4,6856,8.4488,6.9254,0.9587,
Actors/PlayerCar_Rocket2.cgr,0,16,3D ObjectData,Vertex Data,749,500,3,0x312,4,39184,46.184,29.7453,76.3969,
Actors/PlayerCar_Rocket2.cgr,1,32,3D ObjectData,Vertex Data,605,370,3,0x312,4,31492,46.184,30.3874,88.2476,
Actors/PlayerCar_Rocket2.cgr,2,48,3D ObjectData,Vertex Data,180,152,3,0x312,4,9784,31.7738,22.1965,9.6192,
Actors/PlayerCar_Rocket2.cgr,3,78,3D ObjectData,Vertex Data,96,80,3,0x312,4,5320,11.8002,12.4074,1.3366,
Actors/PlayerCar_Rocket2.cgr,4,108,3D ObjectData,Vertex Data,112,80,3,0x312,4,6088,10.4106,9.4247,1.3558,
Actors/PlayerCar_Rocket2.cgr,5,138,3D ObjectData,Vertex Data,112,80,3,0x312,4,6088,8.4488,6.9254,0.9587,
Actors/PlayerCar_Rocket2.cgr,6,168,3D ObjectData,Vertex Data,96,80,3,0x312,4,5320,6.77,5.0495,0.7441,
Actors/PlayerCar_Rocket2.cgr,7,187,3D ObjectData,Vertex Data,96,80,3,0x312,4,5320,11.8002,12.4074,1.3366,
Actors/PlayerCar_Rocket2.cgr,8,213,3D ObjectData,Vertex Data,112,80,3,0x312,4,6088,10.4106,9.4247,1.3558,
Actors/PlayerCar_Rocket2.cgr,9,239,3D ObjectData,Vertex Data,112,80,3,0x312,4,6088,8.4488,6.9254,0.9587,
Actors/PlayerCar_Rocket2.cgr,10,265,3D ObjectData,Vertex Data,96,80,3,0x312,4,5320,6.77,5.0495,0.7441,
Actors/PlayerCar_Rocket2.cgr,11,297,3D ObjectData,Vertex Data,96,80,3,0x312,4,5320,11.8002,12.4074,1.3366,
Actors/PlayerCar_Rocket2.cgr,12,323,3D ObjectData,Vertex Data,112,80,3,0x312,4,6088,10.4106,9.4247,1.3558,
Actors/PlayerCar_Rocket2.cgr,13,349,3D ObjectData,Vertex Data,112,80,3,0x312,4,6088,8.4488,6.9254,0.9587,
Actors/PlayerCar_Rocket2.cgr,14,375,3D ObjectData,Vertex Data,96,80,3,0x312,4,5320,6.77,5.0495,0.7441,
Actors/PlayerCar_RocketPro.cgr,0,584,3D ObjectData,Vertex Data,528,602,3,0x312,4,29188,26.8098,22.1634,82.6278,
Actors/PlayerCar_RocketPro.cgr,1,614,3D ObjectData,Vertex Data,96,80,3,0x312,4,5320,11.8002,12.4074,1.3366,
Actors/PlayerCar_RocketPro.cgr,2,641,3D ObjectData,Vertex Data,112,80,3,0x312,4,6088,10.4106,9.4247,1.3558,
Actors/PlayerCar_RocketPro.cgr,3,671,3D ObjectData,Vertex Data,112,80,3,0x312,4,6088,8.4488,6.9254,0.9587,
Actors/PlayerCar_RocketPro.cgr,4,701,3D ObjectData,Vertex Data,96,80,3,0x312,4,5320,6.77,5.0495,0.7441,
Actors/PlayerCar_RocketPro.cgr,5,723,3D ObjectData,Vertex Data,96,80,3,0x312,4,5320,11.8002,12.4074,1.3366,
Actors/PlayerCar_RocketPro.cgr,6,749,3D ObjectData,Vertex Data,112,80,3,0x312,4,6088,10.4106,9.4247,1.3558,
Actors/PlayerCar_RocketPro.cgr,7,775,3D ObjectData,Vertex Data,112,80,3,0x312,4,6088,8.4488,6.9254,0.9587,
Actors/PlayerCar_RocketPro.cgr,8,801,3D ObjectData,Vertex Data,96,80,3,0x312,4,5320,6.77,5.0495,0.7441,
Actors/PlayerCar_RocketPro.cgr,9,833,3D ObjectData,Vertex Data,96,80,3,0x312,4,5320,11.8002,12.4074,1.3366,
Actors/PlayerCar_RocketPro.cgr,10,859,3D ObjectData,Vertex Data,112,80,3,0x312,4,6088,10.4106,9.4247,1.3558,
Actors/PlayerCar_RocketPro.cgr,11,885,3D ObjectData,Vertex Data,112,80,3,0x312,4,6088,8.4488,6.9254,0.9587,
Actors/PlayerCar_RocketPro.cgr,12,911,3D ObjectData,Vertex Data,96,80,3,0x312,4,5320,6.77,5.0495,0.7441,
Actors/PlayerCar_RocketPro.cgr,13,930,3D ObjectData,Vertex Data,957,644,3,0x312,4,50032,26.8897,22.1634,98.6087,
Actors/PlayerCar_RocketPro.cgr,14,931,3D ObjectData,Vertex Data,168,128,3,0x312,4,9064,26.8897,20.2298,8.3049,
Actors/PlayerCar_RocketPro.cgr,15,934,3D ObjectData,Vertex Data,24,28,3,0x312,4,1552,4.1592,7.0834,22.0149,
Actors/PlayerCar_RocketPro.cgr,16,937,3D ObjectData,Vertex Data,122,100,3,0x312,4,6688,5.2328,8.4469,23.5942,
Actors/PlayerCar_RocketPro.cgr,17,945,3D ObjectData,Vertex Data,24,28,3,0x312,4,1552,4.1592,7.0834,22.0149,
Actors/PlayerCar_RocketPro.cgr,18,948,3D ObjectData,Vertex Data,122,100,3,0x312,4,6688,5.2328,8.4469,23.5942,
Actors/PlayerCar_RocketPro.cgr,19,956,3D ObjectData,Vertex Data,22,26,3,0x312,4,1444,7.9017,3.6427,13.7723,
Actors/PlayerCar_RocketPro.cgr,20,959,3D ObjectData,Vertex Data,94,90,3,0x312,4,5284,9.4011,4.5677,15.5857,
Actors/PlayerCar_Skinny.cgr,0,0,3D ObjectData,SkinnyHull.3ds,155,306,1,0x112,4,6948,5.2782,2.7311,7.9787,
Actors/PlayerCar_Skinny.cgr,1,64,3D ObjectData,Turbine.3ds,136,256,1,0x112,4,6040,2.0,2.0,4.6638,
Actors/PlayerCar_Skinny.cgr,2,73,3D ObjectData,Skinny_Fin,12,20,1,0x112,4,656,0.0541,2.0,1.3239,
Actors/PlayerCar_Skinny.cgr,3,116,3D ObjectData,TurbineWires,418,880,1,0x112,4,18808,2.0,2.0122,5.4817,
Actors/PlayerCar_Skinny.cgr,4,250,3D ObjectData,Skinny_Fin,12,20,1,0x112,4,656,0.0541,2.0,1.3239,
Actors/PlayerCar_Sword.cgr,0,89,3D ObjectData,Vertex Data,177,158,3,0x312,4,9676,157.5591,88.3701,422.558,
Actors/PlayerCar_Sword.cgr,1,244,3D ObjectData,Vertex Data,113,80,3,0x312,4,6136,164.8855,89.6346,425.0567,
Actors/PlayerCar_Sword.cgr,2,270,3D ObjectData,Vertex Data,74,68,3,0x312,4,4192,78.8225,29.5159,215.0237,
Actors/PlayerCar_Sword.cgr,3,300,3D ObjectData,Vertex Data,732,720,3,0x312,4,39688,371.6878,58.3068,199.2974,
Actors/PlayerCar_Sword.cgr,4,316,3D ObjectData,Vertex Data,1060,624,3,0x312,4,54856,379.275,61.6848,168.795,
Actors/PlayerCar_Sword.cgr,5,346,3D ObjectData,Vertex Data,112,96,3,0x312,4,6184,113.3553,113.3553,11.3553,
Actors/PlayerCar_Sword.cgr,6,361,3D ObjectData,cube10_XSIPOLYCL,84,72,1,0x112,4,3272,14.9035,11.7232,6.2705,
Actors/PlayerCar_Sword.cgr,7,363,3D ObjectData,cube8_XSIPOLYCLS,48,42,1,0x112,4,1940,9.0408,7.1682,1.1679,
Actors/PlayerCar_Sword.cgr,8,365,3D ObjectData,cube9_XSIPOLYCLS,60,60,1,0x112,4,2432,15.9545,12.6297,2.8088,
Actors/PlayerCar_Sword.cgr,9,367,3D ObjectData,cube_XSIPOLYCLS.,56,60,1,0x112,4,2304,0.6541,4.2368,2.9037,
Actors/PlayerCar_Sword.cgr,10,369,3D ObjectData,cylinder1_XSIPOL,51,60,1,0x112,4,2144,3.5272,3.5446,0.7743,
Actors/PlayerCar_Sword.cgr,11,373,3D ObjectData,Vertex Data,112,96,3,0x312,4,6184,93.7283,93.7283,11.3553,
Actors/PlayerCar_Sword.cgr,12,390,3D ObjectData,lambert2SG,564,988,1,0x112,4,24128,4.3329,3.9862,7.5267,
Actors/PlayerCar_Sword.cgr,13,399,3D ObjectData,cylinder277_XSIP,432,672,1,0x112,4,18008,13.5187,10.6605,11.5784,
Actors/PlayerCar_Sword.cgr,14,401,3D ObjectData,cylinder278_XSIP,84,92,1,0x112,4,3392,6.3504,8.0474,10.4452,
Actors/PlayerCar_Sword.cgr,15,403,3D ObjectData,Vertex Data,112,96,3,0x312,4,6184,82.2459,82.2459,11.3553,
Actors/PlayerCar_Sword.cgr,16,405,3D ObjectData,cylinder3_XSIPOL,36,32,1,0x112,4,1496,4.3158,4.272,1.6703,
Actors/PlayerCar_Sword.cgr,17,407,3D ObjectData,cylinder4_XSIPOL,45,48,1,0x112,4,1880,4.9393,5.0218,2.4013,
Actors/PlayerCar_Sword.cgr,18,409,3D ObjectData,cylinder52_XSIPO,156,192,1,0x112,4,6296,9.0599,7.3421,0.8875,
Actors/PlayerCar_Sword.cgr,19,411,3D ObjectData,cylinder_XSIPOLY,26,24,1,0x112,4,1128,2.9557,3.6497,12.2098,
Actors/PlayerCar_Sword.cgr,20,413,3D ObjectData,polymsh25_XSIPOL,402,372,1,0x112,4,15248,14.4189,11.3268,3.7754,
Actors/PlayerCar_Sword.cgr,21,415,3D ObjectData,polymsh48_XSIPOL,1116,1284,1,0x112,4,43568,10.168,10.8034,27.1806,
Actors/PlayerCar_Sword.cgr,22,417,3D ObjectData,polymsh6_XSIPOLY,870,780,1,0x112,4,32672,11.3417,9.0904,2.5913,
Actors/PlayerCar_Sword.cgr,23,419,3D ObjectData,polymsh_XSIPOLYC,270,240,1,0x112,4,10232,14.0761,11.1741,1.0181,
Actors/PlayerCar_Sword.cgr,24,433,3D ObjectData,Vertex Data,112,96,3,0x312,4,6184,72.1629,72.1629,7.2289,
Actors/PlayerCar_Sword.cgr,25,455,3D ObjectData,Vertex Data,112,96,3,0x312,4,6184,113.3553,113.3553,11.3553,
Actors/PlayerCar_Sword.cgr,26,492,3D ObjectData,Vertex Data,112,96,3,0x312,4,6184,93.7283,93.7283,11.3553,
Actors/PlayerCar_Sword.cgr,27,518,3D ObjectData,Vertex Data,112,96,3,0x312,4,6184,82.2459,82.2459,11.3553,
Actors/PlayerCar_Sword.cgr,28,547,3D ObjectData,Vertex Data,112,96,3,0x312,4,6184,72.1629,72.1629,7.2289,
Actors/PlayerCar_Sword.cgr,29,583,3D ObjectData,cube10_XSIPOLYCL,84,72,1,0x112,4,3272,17.8236,13.9202,6.7153,
Actors/PlayerCar_Sword.cgr,30,585,3D ObjectData,cube8_XSIPOLYCLS,48,42,1,0x112,4,1940,9.0408,7.1712,1.1679,
Actors/PlayerCar_Sword.cgr,31,587,3D ObjectData,cube9_XSIPOLYCLS,60,60,1,0x112,4,2432,18.276,14.2846,3.6885,
Actors/PlayerCar_Sword.cgr,32,589,3D ObjectData,cube_XSIPOLYCLS.,56,60,1,0x112,4,2304,0.6559,4.237,2.9037,
Actors/PlayerCar_Sword.cgr,33,591,3D ObjectData,cylinder1_XSIPOL,51,60,1,0x112,4,2144,3.5279,3.5453,0.7743,
Actors/PlayerCar_Sword.cgr,34,593,3D ObjectData,cylinder277_XSIP,432,672,1,0x112,4,18008,13.5187,10.6655,11.5784,
Actors/PlayerCar_Sword.cgr,35,595,3D ObjectData,cylinder278_XSIP,84,92,1,0x112,4,3392,6.3508,8.0479,10.4452,
Actors/PlayerCar_Sword.cgr,36,597,3D ObjectData,cylinder3_XSIPOL,36,32,1,0x112,4,1496,4.3158,4.272,1.6703,
Actors/PlayerCar_Sword.cgr,37,599,3D ObjectData,cylinder4_XSIPOL,45,48,1,0x112,4,1880,4.9394,5.0218,2.4013,
Actors/PlayerCar_Sword.cgr,38,601,3D ObjectData,cylinder52_XSIPO,156,192,1,0x112,4,6296,9.0599,7.3444,0.8875,
Actors/PlayerCar_Sword.cgr,39,603,3D ObjectData,cylinder_XSIPOLY,26,24,1,0x112,4,1128,2.9568,3.6503,12.2098,
Actors/PlayerCar_Sword.cgr,40,605,3D ObjectData,polymsh25_XSIPOL,402,372,1,0x112,4,15248,15.4602,12.144,2.995,
Actors/PlayerCar_Sword.cgr,41,607,3D ObjectData,polymsh48_XSIPOL,1098,1246,1,0x112,4,42764,10.168,10.8035,27.1806,
Actors/PlayerCar_Sword.cgr,42,609,3D ObjectData,polymsh6_XSIPOLY,870,780,1,0x112,4,32672,11.6422,9.4296,2.6207,
Actors/PlayerCar_Sword.cgr,43,612,3D ObjectData,polymsh_XSIPOLYC,270,240,1,0x112,4,10232,14.9548,11.9148,1.3113,
Actors/PlayerCar_Sword.cgr,44,620,3D ObjectData,tetrahedron1_auv,72,60,1,0x112,4,2816,0.5297,0.0309,1.172,
Actors/PlayerCar_Sword2.cgr,0,15,3D ObjectData,Vertex Data,116,96,3,0x312,4,6376,72.1629,72.1629,7.2289,
Actors/PlayerCar_Sword2.cgr,1,45,3D ObjectData,Vertex Data,112,96,3,0x312,4,6184,113.3553,113.3553,11.3553,
Actors/PlayerCar_Sword2.cgr,2,75,3D ObjectData,Vertex Data,112,96,3,0x312,4,6184,93.7283,93.7283,11.3553,
Actors/PlayerCar_Sword2.cgr,3,105,3D ObjectData,Vertex Data,114,96,3,0x312,4,6280,82.2459,82.2459,11.3553,
Actors/PlayerCar_Sword2.cgr,4,120,3D ObjectData,Vertex Data,116,96,3,0x312,4,6376,72.1629,72.1629,7.2289,
Actors/PlayerCar_Sword2.cgr,5,150,3D ObjectData,Vertex Data,112,96,3,0x312,4,6184,113.3553,113.3553,11.3553,
Actors/PlayerCar_Sword2.cgr,6,176,3D ObjectData,Vertex Data,112,96,3,0x312,4,6184,93.7283,93.7283,11.3553,
Actors/PlayerCar_Sword2.cgr,7,202,3D ObjectData,Vertex Data,114,96,3,0x312,4,6280,82.2459,82.2459,11.3553,
Actors/PlayerCar_Sword2.cgr,8,234,3D ObjectData,Vertex Data,199,178,3,0x312,4,10852,132.6749,91.8695,605.0094,
Actors/PlayerCar_Sword2.cgr,9,250,3D ObjectData,Vertex Data,233,152,3,0x312,4,12328,188.1323,105.3103,655.9351,
Actors/PlayerCar_Sword2.cgr,10,266,3D ObjectData,Vertex Data,78,68,3,0x312,4,4384,69.2725,29.5159,324.828,
Actors/PlayerCar_Sword2.cgr,11,296,3D ObjectData,Vertex Data,476,504,3,0x312,4,26104,395.4437,80.2592,198.992,
Actors/PlayerCar_Sword2.cgr,12,312,3D ObjectData,Vertex Data,1542,888,3,0x312,4,79576,403.031,95.087,288.9929,
Actors/PlayerCar_Sword3.cgr,0,15,3D ObjectData,Vertex Data,193,178,3,0x312,4,10564,181.7783,104.4461,516.7006,
Actors/PlayerCar_Sword3.cgr,1,31,3D ObjectData,Vertex Data,249,164,3,0x312,4,13168,190.2309,107.4783,516.7006,
Actors/PlayerCar_Sword3.cgr,2,47,3D ObjectData,Vertex Data,25,26,3,0x312,4,1588,61.3874,26.8006,254.3097,
Actors/PlayerCar_Sword3.cgr,3,77,3D ObjectData,Vertex Data,518,490,3,0x312,4,28036,384.1915,50.0713,223.6393,
Actors/PlayerCar_Sword3.cgr,4,93,3D ObjectData,Vertex Data,2680,1250,3,0x312,4,136372,406.545,69.356,301.417,
Actors/PlayerCar_Sword3.cgr,5,123,3D ObjectData,Vertex Data,112,96,3,0x312,4,6184,113.3553,113.3553,13.8036,
Actors/PlayerCar_Sword3.cgr,6,153,3D ObjectData,Vertex Data,112,96,3,0x312,4,6184,93.7283,93.7283,13.8036,
Actors/PlayerCar_Sword3.cgr,7,183,3D ObjectData,Vertex Data,112,96,3,0x312,4,6184,82.2459,82.2459,13.8036,
Actors/PlayerCar_Sword3.cgr,8,213,3D ObjectData,Vertex Data,112,96,3,0x312,4,6184,72.1629,72.1629,8.7875,
Actors/PlayerCar_Sword3.cgr,9,233,3D ObjectData,Vertex Data,112,96,3,0x312,4,6184,113.3553,113.3553,13.8036,
Actors/PlayerCar_Sword3.cgr,10,260,3D ObjectData,Vertex Data,112,96,3,0x312,4,6184,93.7283,93.7283,13.8036,
Actors/PlayerCar_Sword3.cgr,11,286,3D ObjectData,Vertex Data,112,96,3,0x312,4,6184,82.2459,82.2459,13.8036,
Actors/PlayerCar_Sword3.cgr,12,312,3D ObjectData,Vertex Data,112,96,3,0x312,4,6184,72.1629,72.1629,8.7875,
Actors/PlayerCar_Vegas.cgr,0,16,3D ObjectData,Vertex Data,1419,1098,3,0x312,4,74932,116.2598,38.7555,179.1762,
Actors/PlayerCar_Vegas.cgr,1,32,3D ObjectData,Vertex Data,300,196,3,0x312,4,15808,110.4599,35.9937,179.1762,
Actors/PlayerCar_Vegas.cgr,2,62,3D ObjectData,Vertex Data,92,84,3,0x312,4,5152,1.1872,33.3508,13.8577,
Actors/PlayerCar_Vegas.cgr,3,92,3D ObjectData,Vertex Data,224,192,3,0x312,4,12136,24.508,24.508,2.1143,
Actors/PlayerCar_Vegas.cgr,4,122,3D ObjectData,Vertex Data,224,192,3,0x312,4,12136,20.2069,20.2069,2.0271,
Actors/PlayerCar_Vegas.cgr,5,152,3D ObjectData,Vertex Data,224,192,3,0x312,4,12136,16.2007,16.2007,2.2096,
Actors/PlayerCar_Vegas.cgr,6,182,3D ObjectData,Vertex Data,224,192,3,0x312,4,12136,12.6127,12.6127,2.0868,
Actors/PlayerCar_Vegas.cgr,7,201,3D ObjectData,Vertex Data,224,192,3,0x312,4,12136,24.508,24.508,2.1143,
Actors/PlayerCar_Vegas.cgr,8,227,3D ObjectData,Vertex Data,224,192,3,0x312,4,12136,20.2069,20.2069,2.0271,
Actors/PlayerCar_Vegas.cgr,9,253,3D ObjectData,Vertex Data,224,192,3,0x312,4,12136,16.2007,16.2007,2.2096,
Actors/PlayerCar_Vegas.cgr,10,279,3D ObjectData,Vertex Data,224,192,3,0x312,4,12136,12.6127,12.6127,2.0868,
Actors/Rocket.cgr,0,47,Tune_Forest,Tune_Forest,800,400,1,0x102,4,18544,0.0,0.0,0.0,
Actors/ScoreFloaterCommander.cgr,0,30,3D ObjectData,Stickman.3ds,66,108,1,0x112,4,2912,3.1474,0.952,3.9507,
Actors/ScoreFloaterCommander.cgr,1,38,3D ObjectData,StickmanUP.3ds,66,108,1,0x112,4,2912,3.1474,3.9507,0.952,
Actors/ScoreFloaterCommander.cgr,2,71,3D ObjectData,smoothdude.3ds,284,560,1,0x112,4,12600,3.0224,4.2542,0.716,
Actors/Sprayer.cgr,0,173,3D ObjectData,SprayerSphere.3ds,58,112,1,0x112,4,2680,2.0,6.824,2.0,
Actors/Sprayer.cgr,1,174,3D ObjectData,SprayerSphere2.3ds,58,112,1,0x112,4,2680,2.0,2.0,10.244,
Actors/Sprayer.cgr,2,175,3D ObjectData,SprayerSphere3.3ds,58,112,1,0x112,4,2680,2.0,2.0,10.244,
Actors/SprayerStraight.cgr,0,312,3D ObjectData,RingHollow.3ds,64,128,1,0x112,4,2968,2.0,2.0,0.056,
Actors/TuneThruster.cgr,0,262,3D ObjectData,thruster.3ds,16,28,1,0x112,4,832,0.56,0.56,0.6601,
Actors/TuneThruster.cgr,1,310,3D ObjectData,thruster.3ds,16,28,1,0x112,4,832,0.56,0.56,0.6601,
Actors/TuneThruster.cgr,2,368,3D ObjectData,thruster.3ds,16,28,1,0x112,4,832,0.56,0.56,0.6601,
Actors/TuneThruster.cgr,3,426,3D ObjectData,thruster.3ds,16,28,1,0x112,4,832,0.56,0.56,0.6601,
Actors/TuneThruster.cgr,4,520,Tune_Thruster,Tune_Thruster,192,322,1,0x142,4,6692,99.0,99.0,99.0,
Actors/TuneThruster.cgr,5,676,Tune_Thruster,Tune_ThrusterMinimal,48,46,1,0x142,4,1580,96.0,97.0,97.0,
Effects/LaserShot.cgr,0,40,Tune_Wall,Tune_Wall,125,192,1,0x112,4,5304,97.0,99.0,99.0,
Effects/SkySpray.cgr,0,64,Tune_Forest,Tune_Forest,200,100,1,0x102,4,4744,0.0,0.0,0.0,
Effects/TrafficHusks.cgr,0,17,3D ObjectData,cube3_sep2_auv,264,304,1,0x112,4,10424,2.8685,2.0514,5.1217,
Environment/DynamicSkyBackground.cgr,0,41,CustomGeometry,CustomGeometry,100,54,0,0x042,4,2036,0.0,0.0,0.0,
Environment/SetPieces.cgr,0,12,3D ObjectData,Vertex Data,64,60,3,0x312,4,3664,1.9779,3.1251,14.8046,
Environment/SetPieces.cgr,1,15,3D ObjectData,Vertex Data,327,196,3,0x312,4,17104,2.3471,3.0075,14.8046,
Environment/SetPieces.cgr,2,68,3D ObjectData,Vertex Data,104,60,3,0x312,4,5584,2.0,1.1322,1.7321,
Environment/SetPieces.cgr,3,71,3D ObjectData,Vertex Data,104,60,3,0x312,4,5584,2.0,1.1322,1.7321,
Environment/SetPieces.cgr,4,74,3D ObjectData,Vertex Data,262,116,3,0x312,4,13504,8.7548,9.1334,9.5147,
Environment/SetPieces.cgr,5,78,3D ObjectData,Vertex Data,123,92,3,0x312,4,6688,10.2659,11.2165,13.9551,
Environment/SetPieces.cgr,6,82,3D ObjectData,Vertex Data,122,92,3,0x312,4,6640,13.0221,14.3367,13.3448,
Environment/SetPieces.cgr,7,86,3D ObjectData,Vertex Data,130,92,3,0x312,4,7024,20.2301,17.3172,11.9521,
Environment/SetPieces.cgr,8,96,3D ObjectData,Vertex Data,1340,624,3,0x312,4,68296,42.7258,231.6031,42.7258,
Environment/SetPieces.cgr,9,146,3D ObjectData,Vertex Data,310,244,3,0x312,4,16576,7.1573,9.2181,6.6056,
Environment/SetPieces.cgr,10,150,3D ObjectData,Vertex Data,26,12,3,0x312,4,1552,1.5107,1.1585,1.5302,
Environment/SetPieces.cgr,11,154,3D ObjectData,Vertex Data,50,36,3,0x312,4,2848,3.5395,4.0263,1.627,
Environment/SetPieces.cgr,12,157,3D ObjectData,Vertex Data,77,48,3,0x312,4,4216,4.8344,12.9907,30.5493,
Environment/SetPieces.cgr,13,158,3D ObjectData,Vertex Data,36,20,3,0x312,4,2080,1.4839,1.4508,2.3549,
Environment/SetPieces.cgr,14,162,3D ObjectData,Vertex Data,36,20,3,0x312,4,2080,1.5595,2.3169,1.4128,
Environment/SetPieces.cgr,15,163,3D ObjectData,Vertex Data,77,48,3,0x312,4,4216,4.8344,12.9907,30.5493,
Environment/SetPieces.cgr,16,166,3D ObjectData,Vertex Data,50,36,3,0x312,4,2848,1.4999,2.275,4.2219,
Environment/SetPieces.cgr,17,169,3D ObjectData,Vertex Data,16,8,3,0x312,4,1048,4.8251,10.0578,13.9934,
Environment/SetPieces.cgr,18,170,3D ObjectData,Vertex Data,66,52,3,0x312,4,3712,2.7424,5.4004,4.4623,
Environment/SetPieces.cgr,19,174,3D ObjectData,Vertex Data,44,28,3,0x312,4,2512,1.4845,1.8859,3.2455,
Environment/SetPieces.cgr,20,211,3D ObjectData,Vertex Data,370,272,3,0x312,4,19624,2.5289,5.0542,6.0665,
Environment/SetPieces.cgr,21,342,3D ObjectData,Vertex Data,16,8,3,0x312,4,1048,4.8251,10.0578,13.9934,
Environment/SetPiecesBlack.cgr,0,12,3D ObjectData,Vertex Data,64,60,3,0x312,4,3664,1.9779,3.1251,14.8046,
Environment/SetPiecesBlack.cgr,1,15,3D ObjectData,Vertex Data,327,196,3,0x312,4,17104,2.3471,3.0075,14.8046,
Environment/SetPiecesBlack.cgr,2,68,3D ObjectData,Vertex Data,104,60,3,0x312,4,5584,2.0,1.1322,1.7321,
Environment/SetPiecesBlack.cgr,3,71,3D ObjectData,Vertex Data,104,60,3,0x312,4,5584,2.0,1.1322,1.7321,
Environment/SetPiecesBlack.cgr,4,74,3D ObjectData,Vertex Data,262,116,3,0x312,4,13504,8.7548,9.1334,9.5147,
Environment/SetPiecesBlack.cgr,5,78,3D ObjectData,Vertex Data,123,92,3,0x312,4,6688,10.2659,11.2165,13.9551,
Environment/SetPiecesBlack.cgr,6,82,3D ObjectData,Vertex Data,122,92,3,0x312,4,6640,13.0221,14.3367,13.3448,
Environment/SetPiecesBlack.cgr,7,86,3D ObjectData,Vertex Data,130,92,3,0x312,4,7024,20.2301,17.3172,11.9521,
Environment/SetPiecesBlack.cgr,8,96,3D ObjectData,Vertex Data,1340,624,3,0x312,4,68296,42.7258,231.6031,42.7258,
Environment/SetPiecesBlack.cgr,9,146,3D ObjectData,Vertex Data,310,244,3,0x312,4,16576,7.1573,9.2181,6.6056,
Environment/SetPiecesBlack.cgr,10,150,3D ObjectData,Vertex Data,26,12,3,0x312,4,1552,1.5107,1.1585,1.5302,
Environment/SetPiecesBlack.cgr,11,154,3D ObjectData,Vertex Data,50,36,3,0x312,4,2848,3.5395,4.0263,1.627,
Environment/SetPiecesBlack.cgr,12,157,3D ObjectData,Vertex Data,77,48,3,0x312,4,4216,4.8344,12.9907,30.5493,
Environment/SetPiecesBlack.cgr,13,158,3D ObjectData,Vertex Data,36,20,3,0x312,4,2080,1.4839,1.4508,2.3549,
Environment/SetPiecesBlack.cgr,14,162,3D ObjectData,Vertex Data,36,20,3,0x312,4,2080,1.5595,2.3169,1.4128,
Environment/SetPiecesBlack.cgr,15,163,3D ObjectData,Vertex Data,77,48,3,0x312,4,4216,4.8344,12.9907,30.5493,
Environment/SetPiecesBlack.cgr,16,166,3D ObjectData,Vertex Data,50,36,3,0x312,4,2848,1.4999,2.275,4.2219,
Environment/SetPiecesBlack.cgr,17,169,3D ObjectData,Vertex Data,16,8,3,0x312,4,1048,4.8251,10.0578,13.9934,
Environment/SetPiecesBlack.cgr,18,170,3D ObjectData,Vertex Data,66,52,3,0x312,4,3712,2.7424,5.4004,4.4623,
Environment/SetPiecesBlack.cgr,19,174,3D ObjectData,Vertex Data,44,28,3,0x312,4,2512,1.4845,1.8859,3.2455,
Environment/SetPiecesBlack.cgr,20,211,3D ObjectData,Vertex Data,370,272,3,0x312,4,19624,2.5289,5.0542,6.0665,
Environment/SetPiecesBlack.cgr,21,342,3D ObjectData,Vertex Data,16,8,3,0x312,4,1048,4.8251,10.0578,13.9934,
Environment/SetPiecesBlack.cgr,22,415,3D ObjectData,Vertex Data,656,456,3,0x312,4,34456,6.474,4.4711,1.1578,
Environment/SetPiecesBlack.cgr,23,431,3D ObjectData,Vertex Data,32,20,3,0x312,4,1888,6.3194,4.1074,0.5762,
Environment/SetPiecesBlack.cgr,24,455,3D ObjectData,Vertex Data,179,116,3,0x312,4,9520,2.1292,2.3713,3.7657,
Environment/SetPiecesBlack.cgr,25,463,3D ObjectData,Vertex Data,1958,940,3,0x312,4,99856,4.1301,4.3742,4.2911,
Environment/SetPiecesBlack.cgr,26,472,3D ObjectData,Vertex Data,16,8,3,0x312,4,1048,2.0369,2.2794,3.1881,
Environment/SetPiecesBlack.cgr,27,489,3D ObjectData,Vertex Data,179,116,3,0x312,4,9520,2.1292,2.3713,3.7657,
Environment/SetPiecesBlack.cgr,28,506,3D ObjectData,Vertex Data,16,8,3,0x312,4,1048,2.0369,2.2794,3.1881,
Environment/SetPiecesBlack.cgr,29,523,3D ObjectData,Vertex Data,179,116,3,0x312,4,9520,2.1292,2.3713,3.7657,
Environment/SetPiecesBlack.cgr,30,540,3D ObjectData,Vertex Data,16,8,3,0x312,4,1048,2.0369,2.2794,3.1881,
Environment/SetPiecesBlack.cgr,31,557,3D ObjectData,Vertex Data,322,204,3,0x312,4,16912,2.1292,2.3713,3.7503,
Environment/SetPiecesBlack.cgr,32,574,3D ObjectData,Vertex Data,32,16,3,0x312,4,1864,2.0369,2.2794,3.5465,
Environment/SetPiecesBlack2.cgr,0,12,3D ObjectData,Vertex Data,64,60,3,0x312,4,3664,1.9779,3.1251,14.8046,
Environment/SetPiecesBlack2.cgr,1,15,3D ObjectData,Vertex Data,327,196,3,0x312,4,17104,2.3471,3.0075,14.8046,
Environment/SetPiecesBlack2.cgr,2,68,3D ObjectData,Vertex Data,104,60,3,0x312,4,5584,2.0,1.1322,1.7321,
Environment/SetPiecesBlack2.cgr,3,71,3D ObjectData,Vertex Data,104,60,3,0x312,4,5584,2.0,1.1322,1.7321,
Environment/SetPiecesBlack2.cgr,4,96,3D ObjectData,Vertex Data,1340,624,3,0x312,4,68296,42.7258,231.6031,42.7258,
Environment/SetPiecesBlack2.cgr,5,147,3D ObjectData,Vertex Data,56,36,3,0x312,4,3136,3.4789,9.9031,3.4025,
Environment/SetPiecesBlack2.cgr,6,154,3D ObjectData,Vertex Data,56,36,3,0x312,4,3136,3.4789,9.9031,3.4025,
Environment/SetPiecesBlack2.cgr,7,157,3D ObjectData,Vertex Data,77,48,3,0x312,4,4216,4.8344,12.9907,30.5493,
Environment/SetPiecesBlack2.cgr,8,162,3D ObjectData,Vertex Data,56,36,3,0x312,4,3136,3.4789,9.9031,3.4025,
Environment/SetPiecesBlack2.cgr,9,163,3D ObjectData,Vertex Data,77,48,3,0x312,4,4216,4.8344,12.9907,30.5493,
Environment/SetPiecesBlack2.cgr,10,169,3D ObjectData,Vertex Data,16,8,3,0x312,4,1048,4.8251,10.0578,13.9934,
Environment/SetPiecesBlack2.cgr,11,170,3D ObjectData,Vertex Data,56,36,3,0x312,4,3136,3.4789,9.9031,3.4025,
Environment/SetPiecesBlack2.cgr,12,177,3D ObjectData,Vertex Data,56,36,3,0x312,4,3136,3.4789,9.9031,3.4025,
Environment/SetPiecesBlack2.cgr,13,202,3D ObjectData,Vertex Data,56,36,3,0x312,4,3136,3.4789,9.9031,3.4025,
Environment/SetPiecesBlack2.cgr,14,211,3D ObjectData,Vertex Data,370,272,3,0x312,4,19624,2.5289,5.0542,6.0665,
Environment/SetPiecesBlack2.cgr,15,254,3D ObjectData,Vertex Data,56,36,3,0x312,4,3136,3.4789,9.9031,3.4025,
Environment/SetPiecesBlack2.cgr,16,258,3D ObjectData,Vertex Data,56,36,3,0x312,4,3136,3.4789,9.9031,3.4025,
Environment/SetPiecesBlack2.cgr,17,310,3D ObjectData,Vertex Data,56,36,3,0x312,4,3136,3.4789,9.9031,3.4025,
Environment/SetPiecesBlack2.cgr,18,314,3D ObjectData,Vertex Data,56,36,3,0x312,4,3136,3.4789,9.9031,3.4025,
Environment/SetPiecesBlack2.cgr,19,342,3D ObjectData,Vertex Data,16,8,3,0x312,4,1048,4.8251,10.0578,13.9934,
Environment/SetPiecesBlack2.cgr,20,405,3D ObjectData,Vertex Data,56,36,3,0x312,4,3136,3.4789,9.9031,3.4025,
Environment/SetPiecesBlack2.cgr,21,409,3D ObjectData,Vertex Data,56,36,3,0x312,4,3136,3.4789,9.9031,3.4025,
Environment/SetPiecesBlack2.cgr,22,429,3D ObjectData,Vertex Data,192,94,3,0x312,4,10012,2.9191,3.22,2.9191,
Environment/SetPiecesBlack2.cgr,23,445,3D ObjectData,Vertex Data,102,80,3,0x312,4,5608,1.0924,1.0924,1.0924,
Environment/SetPiecesBlack2.cgr,24,454,3D ObjectData,Vertex Data,56,36,3,0x312,4,3136,3.4789,9.9031,3.4025,
Environment/SetPiecesBlack2.cgr,25,458,3D ObjectData,Vertex Data,56,36,3,0x312,4,3136,3.4789,9.9031,3.4025,
Environment/SetPiecesBlack2.cgr,26,466,3D ObjectData,Vertex Data,56,36,3,0x312,4,3136,3.4789,9.9031,3.4025,
Environment/SetPiecesBlack2.cgr,27,470,3D ObjectData,Vertex Data,56,36,3,0x312,4,3136,3.4789,9.9031,3.4025,
Environment/SetPiecesBlack2.cgr,28,489,3D ObjectData,Vertex Data,56,36,3,0x312,4,3136,3.4789,9.9031,3.4025,
Environment/SetPiecesBlack2.cgr,29,521,3D ObjectData,Vertex Data,56,36,3,0x312,4,3136,3.4789,9.9031,3.4025,
Environment/SetPiecesBlack2.cgr,30,530,3D ObjectData,Vertex Data,2260,2050,3,0x312,4,121012,64.2975,83.4161,64.2975,
Environment/SetPiecesBlack2.cgr,31,539,3D ObjectData,Vertex Data,56,36,3,0x312,4,3136,3.4789,9.9031,3.4025,
Environment/SetPiecesBlack2.cgr,32,551,3D ObjectData,Vertex Data,108,48,3,0x312,4,5704,60.7312,71.9651,60.7312,
Environment/SetPiecesBlack2.cgr,33,588,3D ObjectData,Vertex Data,1824,1280,3,0x312,4,95464,9.6819,10.2944,7.7977,
Environment/SetPiecesBlack2.cgr,34,605,3D ObjectData,Vertex Data,384,256,3,0x312,4,20200,9.6819,10.2944,7.7977,
Environment/SetPiecesBlack2.cgr,35,640,3D ObjectData,Vertex Data,544,192,3,0x312,4,27496,122.0594,99.2201,122.0594,
Environment/SetPiecesBlack2.cgr,36,644,3D ObjectData,Vertex Data,98,42,3,0x312,4,5188,122.0594,99.2201,122.0594,
Environment/SetPiecesBlack2.cgr,37,713,3D ObjectData,NoName,6306,11436,1,0x112,4,270560,0.5619,0.7296,1.0,
Environment/SetPiecesBlack2.cgr,38,736,3D ObjectData,NoName,10038,4982,1,0x112,4,351260,4.3108,7.7525,7.4356,
Environment/SetPiecesBlack2.cgr,39,759,3D ObjectData,stageTriangleWithBottom0,360,720,1,0x112,4,15992,25.9215,25.4521,2.5,
Environment/SetPiecesBlack2.cgr,40,828,3D ObjectData,threevinemeshGrowingTreble0,12672,22349,1,0x112,4,539750,11.9985,22.1482,2.908,
Environment/SetPiecesBlack2.cgr,41,863,3D ObjectData,threevinemeshGrowingAS10,13221,23146,1,0x112,4,562100,12.4601,23.1826,2.9169,
Environment/SetPiecesBlack2.cgr,42,960,3D ObjectData,NoName,24,8,1,0x112,4,968,0.2717,0.0635,0.1072,
Environment/SetPiecesBlack2.cgr,43,964,3D ObjectData,NoName,3695,6834,1,0x112,4,159396,0.3525,0.2678,0.4658,
Environment/SetPiecesBlack2.cgr,44,978,3D ObjectData,NoName,10939,20762,1,0x112,4,474772,0.8518,0.7871,1.0812,
Environment/SetPiecesBlack2.cgr,45,1022,3D ObjectData,NoName,6536,3232,1,0x112,4,228696,3.9735,7.7415,7.4356,
Environment/SetPiecesBlack2.cgr,46,1044,3D ObjectData,NoName,3502,1750,1,0x112,4,122716,4.3108,7.5729,7.02,
Environment/SetPiecesBlack3.cgr,0,12,3D ObjectData,Vertex Data,64,60,3,0x312,4,3664,1.9779,3.1251,14.8046,
Environment/SetPiecesBlack3.cgr,1,15,3D ObjectData,Vertex Data,327,196,3,0x312,4,17104,2.3471,3.0075,14.8046,
Environment/SetPiecesBlack3.cgr,2,68,3D ObjectData,Vertex Data,104,60,3,0x312,4,5584,2.0,1.1322,1.7321,
Environment/SetPiecesBlack3.cgr,3,71,3D ObjectData,Vertex Data,104,60,3,0x312,4,5584,2.0,1.1322,1.7321,
Environment/SetPiecesBlack3.cgr,4,96,3D ObjectData,Vertex Data,1340,624,3,0x312,4,68296,42.7258,231.6031,42.7258,
Environment/SetPiecesBlack3.cgr,5,146,3D ObjectData,Vertex Data,310,244,3,0x312,4,16576,7.1573,9.2181,6.6056,
Environment/SetPiecesBlack3.cgr,6,150,3D ObjectData,Vertex Data,26,12,3,0x312,4,1552,1.5107,1.1585,1.5302,
Environment/SetPiecesBlack3.cgr,7,154,3D ObjectData,Vertex Data,50,36,3,0x312,4,2848,3.5395,4.0263,1.627,
Environment/SetPiecesBlack3.cgr,8,157,3D ObjectData,Vertex Data,77,48,3,0x312,4,4216,4.8344,12.9907,30.5493,
Environment/SetPiecesBlack3.cgr,9,158,3D ObjectData,Vertex Data,36,20,3,0x312,4,2080,1.4839,1.4508,2.3549,
Environment/SetPiecesBlack3.cgr,10,162,3D ObjectData,Vertex Data,36,20,3,0x312,4,2080,1.5595,2.3169,1.4128,
Environment/SetPiecesBlack3.cgr,11,163,3D ObjectData,Vertex Data,77,48,3,0x312,4,4216,4.8344,12.9907,30.5493,
Environment/SetPiecesBlack3.cgr,12,166,3D ObjectData,Vertex Data,50,36,3,0x312,4,2848,1.4999,2.275,4.2219,
Environment/SetPiecesBlack3.cgr,13,169,3D ObjectData,Vertex Data,16,8,3,0x312,4,1048,4.8251,10.0578,13.9934,
Environment/SetPiecesBlack3.cgr,14,170,3D ObjectData,Vertex Data,66,52,3,0x312,4,3712,2.7424,5.4004,4.4623,
Environment/SetPiecesBlack3.cgr,15,174,3D ObjectData,Vertex Data,44,28,3,0x312,4,2512,1.4845,1.8859,3.2455,
Environment/SetPiecesBlack3.cgr,16,211,3D ObjectData,Vertex Data,370,272,3,0x312,4,19624,2.5289,5.0542,6.0665,
Environment/SetPiecesBlack3.cgr,17,308,3D ObjectData,Vertex Data,212,192,3,0x312,4,11560,1.7999,9.353,1.7999,
Environment/SetPiecesBlack3.cgr,18,342,3D ObjectData,Vertex Data,16,8,3,0x312,4,1048,4.8251,10.0578,13.9934,
Environment/SetPiecesBlack3.cgr,19,407,3D ObjectData,Vertex Data,728,648,3,0x312,4,39064,25.2003,60.1032,24.8175,
Environment/SetPiecesBlack3.cgr,20,415,3D ObjectData,Vertex Data,656,456,3,0x312,4,34456,6.474,4.4711,1.1578,
Environment/SetPiecesBlack3.cgr,21,431,3D ObjectData,Vertex Data,32,20,3,0x312,4,1888,6.3194,4.1074,0.5762,
Environment/SetPiecesBlack3.cgr,22,452,3D ObjectData,Vertex Data,356,284,3,0x312,4,19024,25.2003,71.7478,24.8175,
Environment/SetPiecesBlack3.cgr,23,517,3D ObjectData,Vertex Data,728,648,3,0x312,4,39064,25.2003,60.1032,24.8175,
Environment/SetPiecesBlack3.cgr,24,522,3D ObjectData,Vertex Data,117,78,3,0x312,4,6316,1.1616,1.2322,1.1616,
Environment/SetPiecesBlack3.cgr,25,524,3D ObjectData,Vertex Data,356,284,3,0x312,4,19024,25.2003,71.7478,24.8175,
Environment/SetPiecesBlack3.cgr,26,548,3D ObjectData,Vertex Data,955,770,3,0x312,4,50692,10.053,6.2441,10.0441,
Environment/SetPiecesBlack3.cgr,27,564,3D ObjectData,Vertex Data,74,50,3,0x312,4,4084,9.6623,1.8245,9.6623,
Environment/SetPiecesWhite.cgr,0,12,3D ObjectData,Vertex Data,64,60,3,0x312,4,3664,1.9779,3.1251,14.8046,
Environment/SetPiecesWhite.cgr,1,15,3D ObjectData,Vertex Data,327,196,3,0x312,4,17104,2.3471,3.0075,14.8046,
Environment/SetPiecesWhite.cgr,2,68,3D ObjectData,Vertex Data,104,60,3,0x312,4,5584,2.0,1.1322,1.7321,
Environment/SetPiecesWhite.cgr,3,71,3D ObjectData,Vertex Data,104,60,3,0x312,4,5584,2.0,1.1322,1.7321,
Environment/SetPiecesWhite.cgr,4,74,3D ObjectData,Vertex Data,262,116,3,0x312,4,13504,8.7548,9.1334,9.5147,
Environment/SetPiecesWhite.cgr,5,78,3D ObjectData,Vertex Data,123,92,3,0x312,4,6688,10.2659,11.2165,13.9551,
Environment/SetPiecesWhite.cgr,6,82,3D ObjectData,Vertex Data,122,92,3,0x312,4,6640,13.0221,14.3367,13.3448,
Environment/SetPiecesWhite.cgr,7,86,3D ObjectData,Vertex Data,130,92,3,0x312,4,7024,20.2301,17.3172,11.9521,
Environment/SetPiecesWhite.cgr,8,96,3D ObjectData,Vertex Data,1340,624,3,0x312,4,68296,42.7258,231.6031,42.7258,
Environment/SetPiecesWhite.cgr,9,146,3D ObjectData,Vertex Data,310,244,3,0x312,4,16576,7.1573,9.2181,6.6056,
Environment/SetPiecesWhite.cgr,10,150,3D ObjectData,Vertex Data,26,12,3,0x312,4,1552,1.5107,1.1585,1.5302,
Environment/SetPiecesWhite.cgr,11,154,3D ObjectData,Vertex Data,50,36,3,0x312,4,2848,3.5395,4.0263,1.627,
Environment/SetPiecesWhite.cgr,12,157,3D ObjectData,Vertex Data,77,48,3,0x312,4,4216,4.8344,12.9907,30.5493,
Environment/SetPiecesWhite.cgr,13,158,3D ObjectData,Vertex Data,36,20,3,0x312,4,2080,1.4839,1.4508,2.3549,
Environment/SetPiecesWhite.cgr,14,162,3D ObjectData,Vertex Data,36,20,3,0x312,4,2080,1.5595,2.3169,1.4128,
Environment/SetPiecesWhite.cgr,15,163,3D ObjectData,Vertex Data,77,48,3,0x312,4,4216,4.8344,12.9907,30.5493,
Environment/SetPiecesWhite.cgr,16,166,3D ObjectData,Vertex Data,50,36,3,0x312,4,2848,1.4999,2.275,4.2219,
Environment/SetPiecesWhite.cgr,17,169,3D ObjectData,Vertex Data,16,8,3,0x312,4,1048,4.8251,10.0578,13.9934,
Environment/SetPiecesWhite.cgr,18,170,3D ObjectData,Vertex Data,66,52,3,0x312,4,3712,2.7424,5.4004,4.4623,
Environment/SetPiecesWhite.cgr,19,174,3D ObjectData,Vertex Data,44,28,3,0x312,4,2512,1.4845,1.8859,3.2455,
Environment/SetPiecesWhite.cgr,20,211,3D ObjectData,Vertex Data,370,272,3,0x312,4,19624,2.5289,5.0542,6.0665,
Environment/SetPiecesWhite.cgr,21,342,3D ObjectData,Vertex Data,16,8,3,0x312,4,1048,4.8251,10.0578,13.9934,
Environment/SetPiecesWhite.cgr,22,407,3D ObjectData,Vertex Data,1958,940,3,0x312,4,99856,4.1301,4.3742,4.2911,
Environment/SetPiecesWhite2.cgr,0,12,3D ObjectData,Vertex Data,64,60,3,0x312,4,3664,1.9779,3.1251,14.8046,
Environment/SetPiecesWhite2.cgr,1,15,3D ObjectData,Vertex Data,327,196,3,0x312,4,17104,2.3471,3.0075,14.8046,
Environment/SetPiecesWhite2.cgr,2,68,3D ObjectData,Vertex Data,104,60,3,0x312,4,5584,2.0,1.1322,1.7321,
Environment/SetPiecesWhite2.cgr,3,71,3D ObjectData,Vertex Data,104,60,3,0x312,4,5584,2.0,1.1322,1.7321,
Environment/SetPiecesWhite2.cgr,4,74,3D ObjectData,Vertex Data,262,116,3,0x312,4,13504,8.7548,9.1334,9.5147,
Environment/SetPiecesWhite2.cgr,5,78,3D ObjectData,Vertex Data,123,92,3,0x312,4,6688,10.2659,11.2165,13.9551,
Environment/SetPiecesWhite2.cgr,6,82,3D ObjectData,Vertex Data,122,92,3,0x312,4,6640,13.0221,14.3367,13.3448,
Environment/SetPiecesWhite2.cgr,7,86,3D ObjectData,Vertex Data,130,92,3,0x312,4,7024,20.2301,17.3172,11.9521,
Environment/SetPiecesWhite2.cgr,8,96,3D ObjectData,Vertex Data,1340,624,3,0x312,4,68296,42.7258,231.6031,42.7258,
Environment/SetPiecesWhite2.cgr,9,146,3D ObjectData,Vertex Data,310,244,3,0x312,4,16576,7.1573,9.2181,6.6056,
Environment/SetPiecesWhite2.cgr,10,150,3D ObjectData,Vertex Data,26,12,3,0x312,4,1552,1.5107,1.1585,1.5302,
Environment/SetPiecesWhite2.cgr,11,154,3D ObjectData,Vertex Data,50,36,3,0x312,4,2848,3.5395,4.0263,1.627,
Environment/SetPiecesWhite2.cgr,12,157,3D ObjectData,Vertex Data,77,48,3,0x312,4,4216,4.8344,12.9907,30.5493,
Environment/SetPiecesWhite2.cgr,13,158,3D ObjectData,Vertex Data,36,20,3,0x312,4,2080,1.4839,1.4508,2.3549,
Environment/SetPiecesWhite2.cgr,14,162,3D ObjectData,Vertex Data,36,20,3,0x312,4,2080,1.5595,2.3169,1.4128,
Environment/SetPiecesWhite2.cgr,15,163,3D ObjectData,Vertex Data,77,48,3,0x312,4,4216,4.8344,12.9907,30.5493,
Environment/SetPiecesWhite2.cgr,16,166,3D ObjectData,Vertex Data,50,36,3,0x312,4,2848,1.4999,2.275,4.2219,
Environment/SetPiecesWhite2.cgr,17,169,3D ObjectData,Vertex Data,16,8,3,0x312,4,1048,4.8251,10.0578,13.9934,
Environment/SetPiecesWhite2.cgr,18,170,3D ObjectData,Vertex Data,66,52,3,0x312,4,3712,2.7424,5.4004,4.4623,
Environment/SetPiecesWhite2.cgr,19,174,3D ObjectData,Vertex Data,44,28,3,0x312,4,2512,1.4845,1.8859,3.2455,
Environment/SetPiecesWhite2.cgr,20,211,3D ObjectData,Vertex Data,370,272,3,0x312,4,19624,2.5289,5.0542,6.0665,
Environment/SetPiecesWhite2.cgr,21,342,3D ObjectData,Vertex Data,16,8,3,0x312,4,1048,4.8251,10.0578,13.9934,
Environment/SetPiecesWhite2.cgr,22,407,3D ObjectData,Vertex Data,1958,940,3,0x312,4,99856,4.1301,4.3742,4.2911,
Environment/Squid_Black.cgr,0,9,3D ObjectData,Vertex Data,72,34,3,0x312,4,3892,34.1436,31.2507,29.53,
Environment/Squid_Black.cgr,1,13,3D ObjectData,Vertex Data,144,114,3,0x312,4,7828,34.1436,31.2507,29.53,
Environment/Squid_Black.cgr,2,17,3D ObjectData,Vertex Data,32,18,3,0x312,4,1876,26.6089,21.4936,23.2088,
Environment/Squid_Black.cgr,3,21,3D ObjectData,Vertex Data,112,98,3,0x312,4,6196,26.6089,21.4936,23.2088,
Environment/Squid_Black.cgr,4,25,3D ObjectData,Vertex Data,32,18,3,0x312,4,1876,26.6089,21.4936,23.2088,
Environment/Squid_Black.cgr,5,29,3D ObjectData,Vertex Data,112,98,3,0x312,4,6196,26.6089,21.4936,23.2088,
Environment/Squid_Black.cgr,6,33,3D ObjectData,Vertex Data,32,18,3,0x312,4,1876,26.6089,21.4936,23.2088,
Environment/Squid_Black.cgr,7,37,3D ObjectData,Vertex Data,112,98,3,0x312,4,6196,26.6089,21.4936,23.2088,
Environment/Squid_Black.cgr,8,41,3D ObjectData,Vertex Data,32,18,3,0x312,4,1876,26.6089,21.4936,23.2088,
Environment/Squid_Black.cgr,9,45,3D ObjectData,Vertex Data,112,98,3,0x312,4,6196,26.6089,21.4936,23.2088,
Environment/Squid_Black.cgr,10,49,3D ObjectData,Vertex Data,32,18,3,0x312,4,1876,26.6089,21.4936,23.2088,
Environment/Squid_Black.cgr,11,53,3D ObjectData,Vertex Data,112,98,3,0x312,4,6196,26.6089,21.4936,23.2088,
Environment/Squid_Black.cgr,12,57,3D ObjectData,Vertex Data,72,34,3,0x312,4,3892,38.0814,36.6416,33.1356,
Environment/Squid_Black.cgr,13,61,3D ObjectData,Vertex Data,144,114,3,0x312,4,7828,38.0814,36.6416,33.1356,
Environment/Squid_Black.cgr,14,65,3D ObjectData,Vertex Data,72,34,3,0x312,4,3892,34.1436,31.2507,29.53,
Environment/Squid_Black.cgr,15,69,3D ObjectData,Vertex Data,144,114,3,0x312,4,7828,34.1436,31.2507,29.53,
Environment/Squid_Black.cgr,16,73,3D ObjectData,Vertex Data,32,18,3,0x312,4,1876,26.6089,21.4936,23.2088,
Environment/Squid_Black.cgr,17,77,3D ObjectData,Vertex Data,112,98,3,0x312,4,6196,26.6089,21.4936,23.2088,
Environment/Squid_Black.cgr,18,81,3D ObjectData,Vertex Data,32,18,3,0x312,4,1876,26.6089,21.4936,23.2088,
Environment/Squid_Black.cgr,19,85,3D ObjectData,Vertex Data,112,98,3,0x312,4,6196,26.6089,21.4936,23.2088,
Environment/Squid_Black.cgr,20,89,3D ObjectData,Vertex Data,32,18,3,0x312,4,1876,26.6089,21.4936,23.2088,
Environment/Squid_Black.cgr,21,93,3D ObjectData,Vertex Data,112,98,3,0x312,4,6196,26.6089,21.4936,23.2088,
Environment/Squid_Black.cgr,22,97,3D ObjectData,Vertex Data,32,18,3,0x312,4,1876,26.6089,21.4936,23.2088,
Environment/Squid_Black.cgr,23,101,3D ObjectData,Vertex Data,112,98,3,0x312,4,6196,26.6089,21.4936,23.2088,
Environment/Squid_Black.cgr,24,105,3D ObjectData,Vertex Data,32,18,3,0x312,4,1876,26.6089,21.4936,23.2088,
Environment/Squid_Black.cgr,25,109,3D ObjectData,Vertex Data,112,98,3,0x312,4,6196,26.6089,21.4936,23.2088,
Environment/Squid_Black.cgr,26,113,3D ObjectData,Vertex Data,72,34,3,0x312,4,3892,38.0814,36.6416,33.1356,
Environment/Squid_Black.cgr,27,117,3D ObjectData,Vertex Data,144,114,3,0x312,4,7828,38.0814,36.6416,33.1356,
Environment/Squid_Black.cgr,28,121,3D ObjectData,Vertex Data,72,34,3,0x312,4,3892,34.1436,31.2507,29.53,
Environment/Squid_Black.cgr,29,125,3D ObjectData,Vertex Data,144,114,3,0x312,4,7828,34.1436,31.2507,29.53,
Environment/Squid_Black.cgr,30,129,3D ObjectData,Vertex Data,32,18,3,0x312,4,1876,26.6089,21.4936,23.2088,
Environment/Squid_Black.cgr,31,133,3D ObjectData,Vertex Data,112,98,3,0x312,4,6196,26.6089,21.4936,23.2088,
Environment/Squid_Black.cgr,32,137,3D ObjectData,Vertex Data,32,18,3,0x312,4,1876,26.6089,21.4936,23.2088,
Environment/Squid_Black.cgr,33,141,3D ObjectData,Vertex Data,112,98,3,0x312,4,6196,26.6089,21.4936,23.2088,
Environment/Squid_Black.cgr,34,145,3D ObjectData,Vertex Data,32,18,3,0x312,4,1876,26.6089,21.4936,23.2088,
Environment/Squid_Black.cgr,35,149,3D ObjectData,Vertex Data,112,98,3,0x312,4,6196,26.6089,21.4936,23.2088,
Environment/Squid_Black.cgr,36,153,3D ObjectData,Vertex Data,32,18,3,0x312,4,1876,26.6089,21.4936,23.2088,
Environment/Squid_Black.cgr,37,157,3D ObjectData,Vertex Data,112,98,3,0x312,4,6196,26.6089,21.4936,23.2088,
Environment/Squid_Black.cgr,38,161,3D ObjectData,Vertex Data,32,18,3,0x312,4,1876,26.6089,21.4936,23.2088,
Environment/Squid_Black.cgr,39,165,3D ObjectData,Vertex Data,112,98,3,0x312,4,6196,26.6089,21.4936,23.2088,
Environment/Squid_Black.cgr,40,168,3D ObjectData,skullWiresJaw0,1698,2592,1,0x112,4,70040,0.5015,0.4549,0.3504,
Environment/Squid_Black.cgr,41,169,3D ObjectData,Vertex Data,72,34,3,0x312,4,3892,38.0814,36.6416,33.1356,
Environment/Squid_Black.cgr,42,173,3D ObjectData,Vertex Data,144,114,3,0x312,4,7828,38.0814,36.6416,33.1356,
Environment/Squid_Black.cgr,43,177,3D ObjectData,Vertex Data,72,34,3,0x312,4,3892,34.1436,31.2507,29.53,
Environment/Squid_Black.cgr,44,181,3D ObjectData,Vertex Data,144,114,3,0x312,4,7828,34.1436,31.2507,29.53,
Environment/Squid_Black.cgr,45,182,3D ObjectData,skullWiresForehead0,3438,5632,1,0x112,4,143960,0.6542,0.3046,1.1342,
Environment/Squid_Black.cgr,46,185,3D ObjectData,Vertex Data,32,18,3,0x312,4,1876,26.6089,21.4936,23.2088,
Environment/Squid_Black.cgr,47,189,3D ObjectData,Vertex Data,112,98,3,0x312,4,6196,26.6089,21.4936,23.2088,
Environment/Squid_Black.cgr,48,193,3D ObjectData,Vertex Data,32,18,3,0x312,4,1876,26.6089,21.4936,23.2088,
Environment/Squid_Black.cgr,49,197,3D ObjectData,Vertex Data,112,98,3,0x312,4,6196,26.6089,21.4936,23.2088,
Environment/Squid_Black.cgr,50,201,3D ObjectData,Vertex Data,32,18,3,0x312,4,1876,26.6089,21.4936,23.2088,
Environment/Squid_Black.cgr,51,205,3D ObjectData,Vertex Data,112,98,3,0x312,4,6196,26.6089,21.4936,23.2088,
Environment/Squid_Black.cgr,52,209,3D ObjectData,Vertex Data,32,18,3,0x312,4,1876,26.6089,21.4936,23.2088,
Environment/Squid_Black.cgr,53,213,3D ObjectData,Vertex Data,112,98,3,0x312,4,6196,26.6089,21.4936,23.2088,
Environment/Squid_Black.cgr,54,217,3D ObjectData,Vertex Data,32,18,3,0x312,4,1876,26.6089,21.4936,23.2088,
Environment/Squid_Black.cgr,55,221,3D ObjectData,Vertex Data,112,98,3,0x312,4,6196,26.6089,21.4936,23.2088,
Environment/Squid_Black.cgr,56,222,3D ObjectData,skullWiresGlasses0,2958,4720,1,0x112,4,123128,0.6536,0.3709,0.9042,
Environment/Squid_Black.cgr,57,225,3D ObjectData,Vertex Data,72,34,3,0x312,4,3892,38.0814,36.6416,33.1356,
Environment/Squid_Black.cgr,58,229,3D ObjectData,Vertex Data,144,114,3,0x312,4,7828,38.0814,36.6416,33.1356,
Environment/Squid_Black.cgr,59,233,3D ObjectData,Vertex Data,72,34,3,0x312,4,3892,34.1436,31.2507,29.53,
Environment/Squid_Black.cgr,60,237,3D ObjectData,Vertex Data,144,114,3,0x312,4,7828,34.1436,31.2507,29.53,
Environment/Squid_Black.cgr,61,241,3D ObjectData,Vertex Data,32,18,3,0x312,4,1876,26.6089,21.4936,23.2088,
Environment/Squid_Black.cgr,62,245,3D ObjectData,Vertex Data,112,98,3,0x312,4,6196,26.6089,21.4936,23.2088,
Environment/Squid_Black.cgr,63,249,3D ObjectData,Vertex Data,32,18,3,0x312,4,1876,26.6089,21.4936,23.2088,
Environment/Squid_Black.cgr,64,253,3D ObjectData,Vertex Data,112,98,3,0x312,4,6196,26.6089,21.4936,23.2088,
Environment/Squid_Black.cgr,65,257,3D ObjectData,Vertex Data,32,18,3,0x312,4,1876,26.6089,21.4936,23.2088,
Environment/Squid_Black.cgr,66,261,3D ObjectData,Vertex Data,112,98,3,0x312,4,6196,26.6089,21.4936,23.2088,
Environment/Squid_Black.cgr,67,265,3D ObjectData,Vertex Data,32,18,3,0x312,4,1876,26.6089,21.4936,23.2088,
Environment/Squid_Black.cgr,68,269,3D ObjectData,Vertex Data,112,98,3,0x312,4,6196,26.6089,21.4936,23.2088,
Environment/Squid_Black.cgr,69,273,3D ObjectData,Vertex Data,32,18,3,0x312,4,1876,26.6089,21.4936,23.2088,
Environment/Squid_Black.cgr,70,277,3D ObjectData,Vertex Data,112,98,3,0x312,4,6196,26.6089,21.4936,23.2088,
Environment/Squid_Black.cgr,71,281,3D ObjectData,Vertex Data,72,34,3,0x312,4,3892,38.0814,36.6416,33.1356,
Environment/Squid_Black.cgr,72,285,3D ObjectData,Vertex Data,144,114,3,0x312,4,7828,38.0814,36.6416,33.1356,
Environment/Squid_Black.cgr,73,289,3D ObjectData,Vertex Data,72,34,3,0x312,4,3892,34.1436,31.2507,29.53,
Environment/Squid_Black.cgr,74,293,3D ObjectData,Vertex Data,144,114,3,0x312,4,7828,34.1436,31.2507,29.53,
Environment/Squid_Black.cgr,75,297,3D ObjectData,Vertex Data,32,18,3,0x312,4,1876,26.6089,21.4936,23.2088,
Environment/Squid_Black.cgr,76,301,3D ObjectData,Vertex Data,112,98,3,0x312,4,6196,26.6089,21.4936,23.2088,
Environment/Squid_Black.cgr,77,305,3D ObjectData,Vertex Data,32,18,3,0x312,4,1876,26.6089,21.4936,23.2088,
Environment/Squid_Black.cgr,78,309,3D ObjectData,Vertex Data,112,98,3,0x312,4,6196,26.6089,21.4936,23.2088,
Environment/Squid_Black.cgr,79,313,3D ObjectData,Vertex Data,32,18,3,0x312,4,1876,26.6089,21.4936,23.2088,
Environment/Squid_Black.cgr,80,317,3D ObjectData,Vertex Data,112,98,3,0x312,4,6196,26.6089,21.4936,23.2088,
Environment/Squid_Black.cgr,81,321,3D ObjectData,Vertex Data,32,18,3,0x312,4,1876,26.6089,21.4936,23.2088,
Environment/Squid_Black.cgr,82,325,3D ObjectData,Vertex Data,112,98,3,0x312,4,6196,26.6089,21.4936,23.2088,
Environment/Squid_Black.cgr,83,329,3D ObjectData,Vertex Data,32,18,3,0x312,4,1876,26.6089,21.4936,23.2088,
Environment/Squid_Black.cgr,84,332,3D ObjectData,threevinemeshGrowingBassLP0,11325,22646,1,0x112,4,498428,0.6153,0.7225,1.1491,
Environment/Squid_Black.cgr,85,333,3D ObjectData,Vertex Data,112,98,3,0x312,4,6196,26.6089,21.4936,23.2088,
Environment/Squid_Black.cgr,86,336,3D ObjectData,threevinemeshGrowingMidLP0,11040,22076,1,0x112,4,485888,0.6221,0.7351,1.0911,
Environment/Squid_Black.cgr,87,337,3D ObjectData,Vertex Data,72,34,3,0x312,4,3892,38.0814,36.6416,33.1356,
Environment/Squid_Black.cgr,88,341,3D ObjectData,Vertex Data,144,114,3,0x312,4,7828,38.0814,36.6416,33.1356,
Environment/Squid_Black.cgr,89,345,3D ObjectData,Vertex Data,72,34,3,0x312,4,3892,34.1436,31.2507,29.53,
Environment/Squid_Black.cgr,90,349,3D ObjectData,Vertex Data,144,114,3,0x312,4,7828,34.1436,31.2507,29.53,
Environment/Squid_Black.cgr,91,353,3D ObjectData,Vertex Data,32,18,3,0x312,4,1876,26.6089,21.4936,23.2088,
Environment/Squid_Black.cgr,92,357,3D ObjectData,Vertex Data,112,98,3,0x312,4,6196,26.6089,21.4936,23.2088,
Environment/Squid_Black.cgr,93,361,3D ObjectData,Vertex Data,32,18,3,0x312,4,1876,26.6089,21.4936,23.2088,
Environment/Squid_Black.cgr,94,365,3D ObjectData,Vertex Data,112,98,3,0x312,4,6196,26.6089,21.4936,23.2088,
Environment/Squid_Black.cgr,95,369,3D ObjectData,Vertex Data,32,18,3,0x312,4,1876,26.6089,21.4936,23.2088,
Environment/Squid_Black.cgr,96,373,3D ObjectData,Vertex Data,112,98,3,0x312,4,6196,26.6089,21.4936,23.2088,
Environment/Squid_Black.cgr,97,377,3D ObjectData,Vertex Data,32,18,3,0x312,4,1876,26.6089,21.4936,23.2088,
Environment/Squid_Black.cgr,98,381,3D ObjectData,Vertex Data,112,98,3,0x312,4,6196,26.6089,21.4936,23.2088,
Environment/Squid_Black.cgr,99,385,3D ObjectData,Vertex Data,32,18,3,0x312,4,1876,26.6089,21.4936,23.2088,
Environment/Squid_Black.cgr,100,389,3D ObjectData,Vertex Data,112,98,3,0x312,4,6196,26.6089,21.4936,23.2088,
Environment/Squid_Black.cgr,101,393,3D ObjectData,Vertex Data,72,34,3,0x312,4,3892,38.0814,36.6416,33.1356,
Environment/Squid_Black.cgr,102,397,3D ObjectData,Vertex Data,144,114,3,0x312,4,7828,38.0814,36.6416,33.1356,
Environment/Squid_Black.cgr,103,401,3D ObjectData,Vertex Data,72,34,3,0x312,4,3892,34.1436,31.2507,29.53,
Environment/Squid_Black.cgr,104,405,3D ObjectData,Vertex Data,144,114,3,0x312,4,7828,34.1436,31.2507,29.53,
Environment/Squid_Black.cgr,105,409,3D ObjectData,Vertex Data,32,18,3,0x312,4,1876,26.6089,21.4936,23.2088,
Environment/Squid_Black.cgr,106,413,3D ObjectData,Vertex Data,112,98,3,0x312,4,6196,26.6089,21.4936,23.2088,
Environment/Squid_Black.cgr,107,416,3D ObjectData,threevinemeshGrowingTrebleLP0,3278,6552,1,0x112,4,144360,0.4841,0.4857,0.3464,
Environment/Squid_Black.cgr,108,417,3D ObjectData,Vertex Data,32,18,3,0x312,4,1876,26.6089,21.4936,23.2088,
Environment/Squid_Black.cgr,109,421,3D ObjectData,Vertex Data,112,98,3,0x312,4,6196,26.6089,21.4936,23.2088,
Environment/Squid_Black.cgr,110,424,3D ObjectData,hexGem_Wires0,571,648,1,0x112,4,22312,0.932,1.0446,0.5432,
Environment/Squid_Black.cgr,111,425,3D ObjectData,Vertex Data,32,18,3,0x312,4,1876,26.6089,21.4936,23.2088,
Environment/Squid_Black.cgr,112,429,3D ObjectData,Vertex Data,112,98,3,0x312,4,6196,26.6089,21.4936,23.2088,
Environment/Squid_Black.cgr,113,433,3D ObjectData,Vertex Data,32,18,3,0x312,4,1876,26.6089,21.4936,23.2088,
Environment/Squid_Black.cgr,114,437,3D ObjectData,Vertex Data,112,98,3,0x312,4,6196,26.6089,21.4936,23.2088,
Environment/Squid_Black.cgr,115,441,3D ObjectData,Vertex Data,32,18,3,0x312,4,1876,26.6089,21.4936,23.2088,
Environment/Squid_Black.cgr,116,445,3D ObjectData,Vertex Data,112,98,3,0x312,4,6196,26.6089,21.4936,23.2088,
Environment/Squid_Black.cgr,117,449,3D ObjectData,Vertex Data,72,34,3,0x312,4,3892,38.0814,36.6416,33.1356,
Environment/Squid_Black.cgr,118,453,3D ObjectData,Vertex Data,144,114,3,0x312,4,7828,38.0814,36.6416,33.1356,
Environment/Squid_Black.cgr,119,457,3D ObjectData,Vertex Data,809,808,3,0x312,4,43912,61.2439,78.2733,61.2439,
Environment/Squid_Black.cgr,120,460,3D ObjectData,Vertex Data,216,104,3,0x312,4,11224,38.6559,62.4296,38.6559,
Environment/Squid_Black.cgr,121,534,3D ObjectData,hexGem0,18,32,1,0x112,4,920,0.891,0.9986,0.5046,
Environment/Squid_Black.cgr,122,540,3D ObjectData,hexGem_Wires0,571,648,1,0x112,4,22312,0.932,1.0446,0.5432,
Environment/Squid_Black.cgr,123,548,3D ObjectData,hexGem0,18,32,1,0x112,4,920,0.891,0.9986,0.5046,
Environment/Squid_White.cgr,0,8,3D ObjectData,Vertex Data,32,18,3,0x312,4,1876,26.6089,21.4936,23.2088,
Environment/Squid_White.cgr,1,12,3D ObjectData,Vertex Data,112,98,3,0x312,4,6196,26.6089,21.4936,23.2088,
Environment/Squid_White.cgr,2,16,3D ObjectData,Vertex Data,32,18,3,0x312,4,1876,26.6089,21.4936,23.2088,
Environment/Squid_White.cgr,3,20,3D ObjectData,Vertex Data,112,98,3,0x312,4,6196,26.6089,21.4936,23.2088,
Environment/Squid_White.cgr,4,24,3D ObjectData,Vertex Data,32,18,3,0x312,4,1876,26.6089,21.4936,23.2088,
Environment/Squid_White.cgr,5,28,3D ObjectData,Vertex Data,112,98,3,0x312,4,6196,26.6089,21.4936,23.2088,
Environment/Squid_White.cgr,6,32,3D ObjectData,Vertex Data,32,18,3,0x312,4,1876,26.6089,21.4936,23.2088,
Environment/Squid_White.cgr,7,36,3D ObjectData,Vertex Data,112,98,3,0x312,4,6196,26.6089,21.4936,23.2088,
Environment/Squid_White.cgr,8,40,3D ObjectData,Vertex Data,32,18,3,0x312,4,1876,26.6089,21.4936,23.2088,
Environment/Squid_White.cgr,9,44,3D ObjectData,Vertex Data,112,98,3,0x312,4,6196,26.6089,21.4936,23.2088,
Environment/Squid_White.cgr,10,48,3D ObjectData,Vertex Data,32,18,3,0x312,4,1876,26.6089,21.4936,23.2088,
Environment/Squid_White.cgr,11,52,3D ObjectData,Vertex Data,112,98,3,0x312,4,6196,26.6089,21.4936,23.2088,
Environment/Squid_White.cgr,12,56,3D ObjectData,Vertex Data,32,18,3,0x312,4,1876,26.6089,21.4936,23.2088,
Environment/Squid_White.cgr,13,60,3D ObjectData,Vertex Data,112,98,3,0x312,4,6196,26.6089,21.4936,23.2088,
Environment/Squid_White.cgr,14,64,3D ObjectData,Vertex Data,32,18,3,0x312,4,1876,26.6089,21.4936,23.2088,
Environment/Squid_White.cgr,15,68,3D ObjectData,Vertex Data,112,98,3,0x312,4,6196,26.6089,21.4936,23.2088,
Environment/Squid_White.cgr,16,72,3D ObjectData,Vertex Data,32,18,3,0x312,4,1876,26.6089,21.4936,23.2088,
Environment/Squid_White.cgr,17,76,3D ObjectData,Vertex Data,112,98,3,0x312,4,6196,26.6089,21.4936,23.2088,
Environment/Squid_White.cgr,18,80,3D ObjectData,Vertex Data,32,18,3,0x312,4,1876,26.6089,21.4936,23.2088,
Environment/Squid_White.cgr,19,84,3D ObjectData,Vertex Data,112,98,3,0x312,4,6196,26.6089,21.4936,23.2088,
Environment/Squid_White.cgr,20,88,3D ObjectData,Vertex Data,32,18,3,0x312,4,1876,26.6089,21.4936,23.2088,
Environment/Squid_White.cgr,21,92,3D ObjectData,Vertex Data,112,98,3,0x312,4,6196,26.6089,21.4936,23.2088,
Environment/Squid_White.cgr,22,96,3D ObjectData,Vertex Data,32,18,3,0x312,4,1876,26.6089,21.4936,23.2088,
Environment/Squid_White.cgr,23,100,3D ObjectData,Vertex Data,112,98,3,0x312,4,6196,26.6089,21.4936,23.2088,
Environment/Squid_White.cgr,24,104,3D ObjectData,Vertex Data,32,18,3,0x312,4,1876,26.6089,21.4936,23.2088,
Environment/Squid_White.cgr,25,108,3D ObjectData,Vertex Data,112,98,3,0x312,4,6196,26.6089,21.4936,23.2088,
Environment/Squid_White.cgr,26,112,3D ObjectData,Vertex Data,32,18,3,0x312,4,1876,26.6089,21.4936,23.2088,
Environment/Squid_White.cgr,27,116,3D ObjectData,Vertex Data,112,98,3,0x312,4,6196,26.6089,21.4936,23.2088,
Environment/Squid_White.cgr,28,120,3D ObjectData,Vertex Data,32,18,3,0x312,4,1876,26.6089,21.4936,23.2088,
Environment/Squid_White.cgr,29,124,3D ObjectData,Vertex Data,112,98,3,0x312,4,6196,26.6089,21.4936,23.2088,
Environment/Squid_White.cgr,30,128,3D ObjectData,Vertex Data,32,18,3,0x312,4,1876,26.6089,21.4936,23.2088,
Environment/Squid_White.cgr,31,132,3D ObjectData,Vertex Data,112,98,3,0x312,4,6196,26.6089,21.4936,23.2088,
Environment/Squid_White.cgr,32,136,3D ObjectData,Vertex Data,32,18,3,0x312,4,1876,26.6089,21.4936,23.2088,
Environment/Squid_White.cgr,33,140,3D ObjectData,Vertex Data,112,98,3,0x312,4,6196,26.6089,21.4936,23.2088,
Environment/Squid_White.cgr,34,144,3D ObjectData,Vertex Data,32,18,3,0x312,4,1876,26.6089,21.4936,23.2088,
Environment/Squid_White.cgr,35,148,3D ObjectData,Vertex Data,112,98,3,0x312,4,6196,26.6089,21.4936,23.2088,
Environment/Squid_White.cgr,36,152,3D ObjectData,Vertex Data,32,18,3,0x312,4,1876,26.6089,21.4936,23.2088,
Environment/Squid_White.cgr,37,156,3D ObjectData,Vertex Data,112,98,3,0x312,4,6196,26.6089,21.4936,23.2088,
Environment/Squid_White.cgr,38,160,3D ObjectData,Vertex Data,32,18,3,0x312,4,1876,26.6089,21.4936,23.2088,
Environment/Squid_White.cgr,39,164,3D ObjectData,Vertex Data,112,98,3,0x312,4,6196,26.6089,21.4936,23.2088,
Environment/Squid_White.cgr,40,168,3D ObjectData,Vertex Data,32,18,3,0x312,4,1876,26.6089,21.4936,23.2088,
Environment/Squid_White.cgr,41,172,3D ObjectData,Vertex Data,112,98,3,0x312,4,6196,26.6089,21.4936,23.2088,
Environment/Squid_White.cgr,42,176,3D ObjectData,Vertex Data,32,18,3,0x312,4,1876,26.6089,21.4936,23.2088,
Environment/Squid_White.cgr,43,180,3D ObjectData,Vertex Data,112,98,3,0x312,4,6196,26.6089,21.4936,23.2088,
Environment/Squid_White.cgr,44,184,3D ObjectData,Vertex Data,32,18,3,0x312,4,1876,26.6089,21.4936,23.2088,
Environment/Squid_White.cgr,45,188,3D ObjectData,Vertex Data,112,98,3,0x312,4,6196,26.6089,21.4936,23.2088,
Environment/Squid_White.cgr,46,192,3D ObjectData,Vertex Data,32,18,3,0x312,4,1876,26.6089,21.4936,23.2088,
Environment/Squid_White.cgr,47,196,3D ObjectData,Vertex Data,112,98,3,0x312,4,6196,26.6089,21.4936,23.2088,
Environment/Squid_White.cgr,48,200,3D ObjectData,Vertex Data,32,18,3,0x312,4,1876,26.6089,21.4936,23.2088,
Environment/Squid_White.cgr,49,204,3D ObjectData,Vertex Data,112,98,3,0x312,4,6196,26.6089,21.4936,23.2088,
Environment/Squid_White.cgr,50,208,3D ObjectData,Vertex Data,32,18,3,0x312,4,1876,26.6089,21.4936,23.2088,
Environment/Squid_White.cgr,51,212,3D ObjectData,Vertex Data,112,98,3,0x312,4,6196,26.6089,21.4936,23.2088,
Environment/Squid_White.cgr,52,216,3D ObjectData,Vertex Data,32,18,3,0x312,4,1876,26.6089,21.4936,23.2088,
Environment/Squid_White.cgr,53,220,3D ObjectData,Vertex Data,112,98,3,0x312,4,6196,26.6089,21.4936,23.2088,
Environment/Squid_White.cgr,54,224,3D ObjectData,Vertex Data,32,18,3,0x312,4,1876,26.6089,21.4936,23.2088,
Environment/Squid_White.cgr,55,228,3D ObjectData,Vertex Data,112,98,3,0x312,4,6196,26.6089,21.4936,23.2088,
Environment/Squid_White.cgr,56,232,3D ObjectData,Vertex Data,32,18,3,0x312,4,1876,26.6089,21.4936,23.2088,
Environment/Squid_White.cgr,57,236,3D ObjectData,Vertex Data,112,98,3,0x312,4,6196,26.6089,21.4936,23.2088,
Environment/Squid_White.cgr,58,240,3D ObjectData,Vertex Data,32,18,3,0x312,4,1876,26.6089,21.4936,23.2088,
Environment/Squid_White.cgr,59,244,3D ObjectData,Vertex Data,112,98,3,0x312,4,6196,26.6089,21.4936,23.2088,
Environment/Squid_White.cgr,60,248,3D ObjectData,Vertex Data,32,18,3,0x312,4,1876,26.6089,21.4936,23.2088,
Environment/Squid_White.cgr,61,252,3D ObjectData,Vertex Data,112,98,3,0x312,4,6196,26.6089,21.4936,23.2088,
Environment/Squid_White.cgr,62,256,3D ObjectData,Vertex Data,32,18,3,0x312,4,1876,26.6089,21.4936,23.2088,
Environment/Squid_White.cgr,63,260,3D ObjectData,Vertex Data,112,98,3,0x312,4,6196,26.6089,21.4936,23.2088,
Environment/Squid_White.cgr,64,264,3D ObjectData,Vertex Data,32,18,3,0x312,4,1876,26.6089,21.4936,23.2088,
Environment/Squid_White.cgr,65,268,3D ObjectData,Vertex Data,112,98,3,0x312,4,6196,26.6089,21.4936,23.2088,
Environment/Squid_White.cgr,66,272,3D ObjectData,Vertex Data,32,18,3,0x312,4,1876,26.6089,21.4936,23.2088,
Environment/Squid_White.cgr,67,276,3D ObjectData,Vertex Data,112,98,3,0x312,4,6196,26.6089,21.4936,23.2088,
Environment/Squid_White.cgr,68,280,3D ObjectData,Vertex Data,32,18,3,0x312,4,1876,26.6089,21.4936,23.2088,
Environment/Squid_White.cgr,69,284,3D ObjectData,Vertex Data,112,98,3,0x312,4,6196,26.6089,21.4936,23.2088,
Environment/Squid_White.cgr,70,288,3D ObjectData,Vertex Data,32,18,3,0x312,4,1876,26.6089,21.4936,23.2088,
Environment/Squid_White.cgr,71,292,3D ObjectData,Vertex Data,112,98,3,0x312,4,6196,26.6089,21.4936,23.2088,
Environment/Squid_White.cgr,72,296,3D ObjectData,Vertex Data,32,18,3,0x312,4,1876,26.6089,21.4936,23.2088,
Environment/Squid_White.cgr,73,300,3D ObjectData,Vertex Data,112,98,3,0x312,4,6196,26.6089,21.4936,23.2088,
Environment/Squid_White.cgr,74,304,3D ObjectData,Vertex Data,32,18,3,0x312,4,1876,26.6089,21.4936,23.2088,
Environment/Squid_White.cgr,75,308,3D ObjectData,Vertex Data,112,98,3,0x312,4,6196,26.6089,21.4936,23.2088,
Environment/Squid_White.cgr,76,312,3D ObjectData,Vertex Data,32,18,3,0x312,4,1876,26.6089,21.4936,23.2088,
Environment/Squid_White.cgr,77,316,3D ObjectData,Vertex Data,112,98,3,0x312,4,6196,26.6089,21.4936,23.2088,
Environment/Squid_White.cgr,78,320,3D ObjectData,Vertex Data,32,18,3,0x312,4,1876,26.6089,21.4936,23.2088,
Environment/Squid_White.cgr,79,324,3D ObjectData,Vertex Data,112,98,3,0x312,4,6196,26.6089,21.4936,23.2088,
Environment/Squid_White.cgr,80,328,3D ObjectData,Vertex Data,32,18,3,0x312,4,1876,26.6089,21.4936,23.2088,
Environment/Squid_White.cgr,81,332,3D ObjectData,Vertex Data,112,98,3,0x312,4,6196,26.6089,21.4936,23.2088,
Environment/Squid_White.cgr,82,336,3D ObjectData,Vertex Data,32,18,3,0x312,4,1876,26.6089,21.4936,23.2088,
Environment/Squid_White.cgr,83,340,3D ObjectData,Vertex Data,112,98,3,0x312,4,6196,26.6089,21.4936,23.2088,
Environment/Squid_White.cgr,84,344,3D ObjectData,Vertex Data,32,18,3,0x312,4,1876,26.6089,21.4936,23.2088,
Environment/Squid_White.cgr,85,348,3D ObjectData,Vertex Data,112,98,3,0x312,4,6196,26.6089,21.4936,23.2088,
Environment/Squid_White.cgr,86,352,3D ObjectData,Vertex Data,32,18,3,0x312,4,1876,26.6089,21.4936,23.2088,
Environment/Squid_White.cgr,87,356,3D ObjectData,Vertex Data,112,98,3,0x312,4,6196,26.6089,21.4936,23.2088,
Environment/Squid_White.cgr,88,360,3D ObjectData,Vertex Data,32,18,3,0x312,4,1876,26.6089,21.4936,23.2088,
Environment/Squid_White.cgr,89,364,3D ObjectData,Vertex Data,112,98,3,0x312,4,6196,26.6089,21.4936,23.2088,
Environment/Squid_White.cgr,90,368,3D ObjectData,Vertex Data,32,18,3,0x312,4,1876,26.6089,21.4936,23.2088,
Environment/Squid_White.cgr,91,372,3D ObjectData,Vertex Data,112,98,3,0x312,4,6196,26.6089,21.4936,23.2088,
Environment/Squid_White.cgr,92,376,3D ObjectData,Vertex Data,32,18,3,0x312,4,1876,26.6089,21.4936,23.2088,
Environment/Squid_White.cgr,93,380,3D ObjectData,Vertex Data,112,98,3,0x312,4,6196,26.6089,21.4936,23.2088,
Environment/Squid_White.cgr,94,384,3D ObjectData,Vertex Data,32,18,3,0x312,4,1876,26.6089,21.4936,23.2088,
Environment/Squid_White.cgr,95,388,3D ObjectData,Vertex Data,112,98,3,0x312,4,6196,26.6089,21.4936,23.2088,
Environment/Squid_White.cgr,96,392,3D ObjectData,Vertex Data,32,18,3,0x312,4,1876,26.6089,21.4936,23.2088,
Environment/Squid_White.cgr,97,396,3D ObjectData,Vertex Data,112,98,3,0x312,4,6196,26.6089,21.4936,23.2088,
Environment/Squid_White.cgr,98,400,3D ObjectData,Vertex Data,32,18,3,0x312,4,1876,26.6089,21.4936,23.2088,
Environment/Squid_White.cgr,99,404,3D ObjectData,Vertex Data,112,98,3,0x312,4,6196,26.6089,21.4936,23.2088,
Environment/Squid_White.cgr,100,408,3D ObjectData,Vertex Data,32,18,3,0x312,4,1876,26.6089,21.4936,23.2088,
Environment/Squid_White.cgr,101,412,3D ObjectData,Vertex Data,112,98,3,0x312,4,6196,26.6089,21.4936,23.2088,
Environment/Squid_White.cgr,102,416,3D ObjectData,Vertex Data,32,18,3,0x312,4,1876,26.6089,21.4936,23.2088,
Environment/Squid_White.cgr,103,420,3D ObjectData,Vertex Data,112,98,3,0x312,4,6196,26.6089,21.4936,23.2088,
Environment/Squid_White.cgr,104,424,3D ObjectData,Vertex Data,32,18,3,0x312,4,1876,26.6089,21.4936,23.2088,
Environment/Squid_White.cgr,105,428,3D ObjectData,Vertex Data,112,98,3,0x312,4,6196,26.6089,21.4936,23.2088,
Environment/Squid_White.cgr,106,432,3D ObjectData,Vertex Data,32,18,3,0x312,4,1876,26.6089,21.4936,23.2088,
Environment/Squid_White.cgr,107,436,3D ObjectData,Vertex Data,112,98,3,0x312,4,6196,26.6089,21.4936,23.2088,
Environment/Squid_White.cgr,108,440,3D ObjectData,Vertex Data,32,18,3,0x312,4,1876,26.6089,21.4936,23.2088,
Environment/Squid_White.cgr,109,444,3D ObjectData,Vertex Data,112,98,3,0x312,4,6196,26.6089,21.4936,23.2088,
Environment/Squid_White.cgr,110,448,3D ObjectData,Vertex Data,32,18,3,0x312,4,1876,26.6089,21.4936,23.2088,
Environment/Squid_White.cgr,111,452,3D ObjectData,Vertex Data,112,98,3,0x312,4,6196,26.6089,21.4936,23.2088,
Environment/Squid_White.cgr,112,456,3D ObjectData,Vertex Data,677,824,3,0x312,4,37672,63.4044,81.9201,63.4044,
Environment/Squid_White.cgr,113,474,3D ObjectData,Vertex Data,216,104,3,0x312,4,11224,38.6559,62.4296,38.6559,
gui/XX_gui.cgr,0,2005,Tune_Forest,Tune_Forest,96,48,1,0x142,4,2744,0.0,0.0,0.0,
gui/XX_gui.cgr,1,2572,3D ObjectData,SmoothCube1.3ds,98,192,1,0x112,4,4440,1.3913,1.3836,1.391,
gui/XX_gui.cgr,2,3292,Tune_Forest,Tune_Forest,300,150,1,0x142,4,8252,0.0,0.0,0.0,
Intros/AwardFare.cgr,0,3956,CustomGeometry,CustomGeometry,4,0,0,0x042,4,180,0.0,0.0,0.0,
Intros/RouteMap.cgr,0,440,Tune_Wall,Tune_Wall,5000,7992,1,0x152,4,228112,0.0,0.0,0.0,
Intros/RouteMap.cgr,1,582,CustomGeometry,CustomGeometry,0,0,0,0x000,4,88,0,0,0,
Intros/RouteMap.cgr,2,602,CustomGeometry,CustomGeometry,4,0,0,0x042,4,180,0.0,0.0,0.0,
Intros/ServerMessages.cgr,0,235,CustomGeometry,CustomGeometry,4,0,0,0x042,4,180,0.0,0.0,0.0,
Intros/VehicleSelector.cgr,0,2193,CustomGeometry,CustomGeometry,4,0,0,0x042,4,180,0.0,0.0,0.0,
Intros/XX_OnlineHighScoresTable.cgr,0,3972,3D ObjectData,default,20,36,1,0x112,4,1008,0.064,0.7037,2.9951,
Intros/XX_OnlineHighScoresTable.cgr,1,4196,3D ObjectData,default,20,36,1,0x112,4,1008,0.064,0.7037,2.9951,
Render/CopyPasteBuffer.cgr,0,108,3D ObjectData,DX8 3D ObjectData,145,264,2,0x212,4,7576,200.3792,121.487,200.5499,
Render/CopyPasteBuffer.cgr,1,122,3D ObjectData,DX8 3D ObjectData,145,264,2,0x212,4,7576,200.3792,121.487,200.5499,
Render/CopyPasteBuffer.cgr,2,330,3D ObjectData,sphere2_auv,596,960,1,0x112,4,24984,2.0,2.0,2.0,
Render/FixedChainspans.cgr,0,16,Tune_Wall,Tune_Wall,66,64,1,0x152,4,2920,0.0,0.0,0.0,
Render/FixedChainspans.cgr,1,72,Array Table,Tune_Wall,8,6,1,0x152,4,484,64.0,59.0,50.0,
Render/FixedChainspans.cgr,2,72,Array Table,Tune_Wall,8,6,1,0x152,4,484,85.0,74.0,92.0,
Render/FixedChainspans.cgr,3,72,Array Table,Tune_Wall,10,8,1,0x152,4,568,83.0,74.0,71.0,
Render/FixedChainspans.cgr,4,72,Array Table,Tune_Wall,10,8,1,0x152,4,568,91.0,68.0,75.0,
Render/FixedChainspans.cgr,5,72,Array Table,Tune_Wall,10,8,1,0x152,4,568,76.0,95.0,78.0,
Render/FixedChainspans.cgr,6,72,Array Table,Tune_Wall,10,8,1,0x152,4,568,90.0,87.0,77.0,
Render/FixedChainspans.cgr,7,72,Array Table,Tune_Wall,28,26,1,0x152,4,1324,94.0,94.0,87.0,
Render/FixedChainspans.cgr,8,72,Array Table,Tune_Wall,28,26,1,0x152,4,1324,89.0,87.0,94.0,
Render/FixedChainspans.cgr,9,72,Array Table,Tune_Wall,28,26,1,0x152,4,1324,91.0,95.0,96.0,
Render/FixedChainspans.cgr,10,72,Array Table,Tune_Wall,24,22,1,0x112,4,1052,97.0,94.0,98.0,
Render/FixedChainspans.cgr,11,174,Tune_Wall,Tune_Wall,20,18,1,0x112,4,900,93.0,98.0,91.0,
Render/FixedChainspans.cgr,12,284,Tune_Wall,Tune_Wall,132,192,1,0x152,4,6064,99.0,98.0,98.0,
Render/Render_IndustrialTunnel.cgr,0,26,Tune_Wall,Tune_Wall,15000,23992,1,0x112,4,624104,99.0,99.0,99.0,
Render/Render_IndustrialTunnel.cgr,1,78,Tune_Wall,Tune_Wall,15000,23992,1,0x112,4,624104,99.0,99.0,99.0,
Render/Render_IndustrialTunnel.cgr,2,181,Tune_Wall,RoadSurface,6900,9196,1,0x152,4,303736,0.0,0.0,0.0,
Render/Render_IndustrialTunnel.cgr,3,476,Tune_Wall,Tune_Wall,15000,23992,1,0x112,4,624104,99.0,99.0,99.0,
Render/Render_IndustrialTunnel.cgr,4,662,Tune_Forest,Tune_Forest,1600,800,1,0x142,4,43352,0.0,0.0,0.0,
Render/Render_IndustrialTunnel.cgr,5,821,3D ObjectData,3D ObjectData,168,128,2,0x212,4,7680,60.0,60.0,15.3426,
Render/Render_IndustrialTunnel.cgr,6,837,Tune_Forest,Tune_Forest,1600,800,1,0x142,4,43352,0.0,0.0,0.0,
Render/Render_IndustrialTunnel.cgr,7,929,Tune_Wall,RoadEdgeLeft,11500,18392,1,0x152,4,524512,99.0,99.0,99.0,
Render/Render_IndustrialTunnel.cgr,8,990,Tune_Wall,RoadEdgeRight,11500,18392,1,0x152,4,524512,99.0,99.0,99.0,
Render/Render_IndustrialTunnel.cgr,9,1049,Tune_Wall,Tune_Wall,2600,2598,1,0x112,4,98940,0.0,0.0,0.0,
Render/Render_IndustrialTunnel.cgr,10,1203,Tune_Wall,Tune_Wall,2600,2598,1,0x152,4,109348,0.0,0.0,0.0,
Render/Render_IndustrialTunnel.cgr,11,1252,Tune_Wall,Tune_Wall,2600,2598,1,0x112,4,98940,0.0,0.0,0.0,
Render/Render_IndustrialTunnel.cgr,12,1365,Tune_Wall,Tune_Wall,2600,2598,1,0x152,4,109348,0.0,0.0,0.0,
Render/Render_IndustrialTunnel.cgr,13,1563,Tune_Wall,Tune_Wall,15000,23992,1,0x112,4,624104,99.0,99.0,99.0,
Render/Render_IndustrialTunnel.cgr,14,1719,HLSLObject,HLSLObject,0,0,0,0x000,4,88,0,0,0,
Render/Render_IndustrialTunnel.cgr,15,1774,HLSLObject,HLSLObject,0,0,0,0x000,4,88,0,0,0,
Render/Render_IndustrialTunnel.cgr,16,1781,HLSLObject,HLSLObject,0,0,0,0x000,4,88,0,0,0,
Render/Render_IndustrialTunnel.cgr,17,1790,HLSLObject,HLSLObject,0,0,0,0x000,4,88,0,0,0,
Render/Render_IndustrialTunnel.cgr,18,1798,HLSLObject,HLSLObject,0,0,0,0x000,4,88,0,0,0,
Render/Render_IndustrialTunnel.cgr,19,1807,HLSLObject,HLSLObject,0,0,0,0x000,4,88,0,0,0,
Render/Render_IndustrialTunnel.cgr,20,1815,Value,HLSLObject,0,0,0,0x000,4,88,0,0,0,
Render/Render_IndustrialTunnel.cgr,21,2056,3D ObjectData,DX8 3D ObjectData,145,264,2,0x212,4,7576,200.3792,121.487,200.5499,
Render/Render_IndustrialTunnel.cgr,22,2071,Tune_Wall,Tune_Wall,1200,1596,1,0x152,4,52936,0.0,0.0,0.0,
Render/Render_IndustrialTunnel.cgr,23,2078,Tune_Wall,RoadCliffMain_LowDetail,1400,2388,1,0x152,4,64888,0.0,0.0,0.0,
Render/Render_IndustrialTunnel.cgr,24,2087,Tune_Wall,Tune_Wall,2000,3192,1,0x152,4,91312,99.0,99.0,99.0,
Render/Render_IndustrialTunnel.cgr,25,2092,Tune_Wall,Tune_Wall,2000,3192,1,0x152,4,91312,99.0,99.0,99.0,
Render/Render_IndustrialTunnel.cgr,26,2097,Tune_Wall,Tune_Wall,500,498,1,0x112,4,19140,0.0,0.0,0.0,
Render/Render_IndustrialTunnel.cgr,27,2101,Tune_Wall,Tune_Wall,500,498,1,0x152,4,21148,0.0,0.0,0.0,
Render/Render_IndustrialTunnel.cgr,28,2105,Tune_Wall,Tune_Wall,500,498,1,0x152,4,21148,0.0,0.0,0.0,
Render/Render_IndustrialTunnel.cgr,29,2109,Tune_Wall,Tune_Wall,500,498,1,0x152,4,21148,0.0,0.0,0.0,
Render/Render_IndustrialTunnel.cgr,30,2113,Tune_Wall,Tune_Wall,500,498,1,0x112,4,19140,0.0,0.0,0.0,
Render/Render_IndustrialTunnel.cgr,31,2122,Tune_Forest,Tune_Forest,200,100,1,0x142,4,5552,0.0,0.0,0.0,
Render/Render_IndustrialTunnel.cgr,32,2123,Tune_Forest,Tune_Forest,400,200,1,0x142,4,10952,0.0,0.0,0.0,
Render/Render_IndustrialTunnel.cgr,33,2132,Tune_Wall,Tune_Wall,4500,5996,1,0x152,4,198136,0.0,0.0,0.0,
Render/Render_IndustrialTunnel.cgr,34,2133,Tune_Wall,Tune_Wall,7500,11992,1,0x152,4,342112,99.0,99.0,99.0,
Render/Render_IndustrialTunnel.cgr,35,2134,Tune_Wall,Tune_Wall,7500,11992,1,0x152,4,342112,99.0,99.0,99.0,
Render/Render_IndustrialTunnel.cgr,36,2379,3D ObjectData,sideArrow.3ds,16,28,1,0x112,4,832,0.088,0.4751,2.3125,
Render/Render_IndustrialTunnel.cgr,37,2550,Tune_Thruster,Tune_Thruster,336,564,1,0x142,4,11600,99.0,99.0,99.0,
Render/Render_IndustrialTunnel.cgr,38,2702,3D ObjectData,GoalPost.3ds,226,340,1,0x112,4,9424,1.7252,46.814,0.12,
Render/Render_IndustrialTunnel.cgr,39,3165,Tune_Wall,Tune_Wall,1500,2392,1,0x142,4,50504,99.0,99.0,99.0,
Render/Render_IndustrialTunnel.cgr,40,3233,3D ObjectData,DX8 3D ObjectData,145,264,2,0x212,4,7576,200.3792,121.487,200.5499,
Render/Render_IndustrialTunnel.cgr,41,3475,Tune_Forest,Tune_Forest,800,400,1,0x102,4,18544,0.0,0.0,0.0,
Render/Render_IndustrialTunnel.cgr,42,3648,Tune_Wall,Tune_Wall,1045,1880,1,0x112,4,44872,99.0,99.0,99.0,
Render/Render_IndustrialTunnel.cgr,43,4177,3D ObjectData,PeelGlobe.3ds,10052,20480,1,0x112,4,444696,2.0,2.0,2.0,
Render/Render_IndustrialTunnel.cgr,44,4178,3D ObjectData,PeelGlobeHole.3ds,9986,20224,1,0x112,4,441048,2.0,2.0,1.9952,
Render/Render_IndustrialTunnel.cgr,45,4179,3D ObjectData,PeelGlobeHoleBackside.3ds,9986,20224,1,0x112,4,441048,2.0,2.0,1.9952,
Render/Render_IndustrialTunnel.cgr,46,4410,3D ObjectData,pointyTopCube.3ds,9,14,1,0x112,4,524,2.0,2.096,2.0,
Render/Render_IndustrialTunnel.cgr,47,4437,3D ObjectData,deathstar.3ds,2240,4416,1,0x112,4,98328,1.9199,1.9971,1.9971,
Render/Render_IndustrialTunnel.cgr,48,4440,3D ObjectData,dotspheresmall.3ds,8832,17664,1,0x112,4,388760,1.9948,1.9934,1.9948,
Render/Render_IndustrialTunnel.cgr,49,4532,HLSLObject,HLSLObject,0,0,0,0x000,4,88,0,0,0,
Render/Render_IndustrialTunnel.cgr,50,4551,HLSLObject,HLSLObject,0,0,0,0x000,4,88,0,0,0,
Render/Render_IndustrialTunnel.cgr,51,4797,Tune_Wall,RoadCliffMain,3500,5988,1,0x152,4,162088,0.0,0.0,0.0,
Render/Render_IndustrialTunnel.cgr,52,5005,3D ObjectData,SimpleTube.3ds,64,128,1,0x112,4,2968,2.0,2.0,2.0,
Render/Render_IndustrialTunnel.cgr,53,5067,Tune_Wall,RoadCliffExtended,2100,3588,1,0x152,4,97288,0.0,0.0,0.0,
Render/Render_IndustrialTunnel.cgr,54,5118,Tune_Wall,Tune_Wall,2600,2598,1,0x152,4,109348,0.0,0.0,0.0,
Render/Render_IndustrialTunnel.cgr,55,5155,Tune_Wall,RoadCliffMain,3500,5988,1,0x152,4,162088,0.0,0.0,0.0,
Render/Render_IndustrialTunnel.cgr,56,5176,Tune_Wall,Tune_Wall,1400,2388,1,0x152,4,64888,0.0,0.0,0.0,
Render/Render_IndustrialTunnel.cgr,57,5251,Tune_Wall,Tune_Wall,2100,3588,1,0x112,4,88880,99.0,99.0,99.0,
Render/Render_IndustrialTunnel.cgr,58,5294,3D ObjectData,Station8_WithPeg,3115,1988,1,0x112,4,111760,468.8265,5575.8826,468.8265,
Render/Render_IndustrialTunnel.cgr,59,5326,3D ObjectData,Station10_WithPeg,2400,1536,1,0x112,4,86168,530.2919,4604.5666,530.292,
Render/Render_IndustrialTunnel.cgr,60,5412,3D ObjectData,Station3_WithPeg,2179,1676,1,0x112,4,79936,438.974,2256.1953,438.974,
Render/Render_IndustrialTunnel.cgr,61,5413,3D ObjectData,Station7_WithPeg,3983,2628,1,0x112,4,143376,539.2316,5656.0195,539.2316,
Render/Render_IndustrialTunnel.cgr,62,5414,3D ObjectData,Station11_withPeg,2991,2088,1,0x112,4,108392,503.6703,3016.7633,503.6703,
Render/Render_IndustrialTunnel.cgr,63,5514,3D ObjectData,Station6_WithPeg,3978,2740,1,0x112,4,143888,650.8371,11846.0374,650.8371,
Render/Render_IndustrialTunnel.cgr,64,5549,3D ObjectData,Station6_WithPeg,3978,2740,1,0x112,4,143888,650.8371,11846.0374,650.8371,
Render/Render_IndustrialTunnel.cgr,65,5555,3D ObjectData,Station6,5650,2712,1,0x112,4,197224,650.8371,604.1356,650.8371,
Render/Render_IndustrialTunnel.cgr,66,5556,3D ObjectData,Station7,5062,2628,1,0x112,4,177904,539.2316,690.8016,539.2316,
Render/Render_IndustrialTunnel.cgr,67,5600,3D ObjectData,Station8,3926,1988,1,0x112,4,137712,468.8265,717.2477,468.8265,
Render/Render_IndustrialTunnel.cgr,68,5601,3D ObjectData,Station10,3300,1536,1,0x112,4,114968,530.2919,991.9127,530.292,
Render/Render_IndustrialTunnel.cgr,69,5602,3D ObjectData,Station11,3813,2072,1,0x112,4,134600,503.6703,938.0033,503.6703,
Render/Render_IndustrialTunnel.cgr,70,5603,3D ObjectData,Station3,2188,1364,1,0x112,4,78352,438.974,615.8564,438.974,
Render/Render_IndustrialTunnel.cgr,71,5604,3D ObjectData,Station4,3457,2008,1,0x112,4,122824,482.446,597.8003,482.446,
Render/Render_IndustrialTunnel.cgr,72,5605,3D ObjectData,Station5,4604,2644,1,0x112,4,163344,417.8131,670.7924,417.8131,
Render/Render_IndustrialTunnel.cgr,73,5708,Tune_Wall,Tune_Wall,6000,8994,1,0x152,4,270124,0.0,0.0,0.0,
Render/Render_IndustrialTunnel.cgr,74,5711,Tune_Wall,Tune_Wall,1600,2394,1,0x152,4,72124,0.0,0.0,0.0,
Render/Render_IndustrialTunnel.cgr,75,5734,Tune_Wall,Tune_Wall,9200,13794,1,0x152,4,414124,0.0,0.0,0.0,
Render/Render_IndustrialTunnel.cgr,76,5763,3D ObjectData,dx_cylinder1,164,192,1,0x112,4,6552,2.2884,0.834,2.188,
Render/Render_IndustrialTunnel.cgr,77,5766,3D ObjectData,dx_cylinder1,21143,16944,1,0x112,4,778392,1.3041,2.8992,1.5913,
Render/Render_IndustrialTunnel.cgr,78,5795,Tune_Wall,Tune_Wall,13500,23984,1,0x142,4,468056,99.0,99.0,99.0,
Render/Render_IndustrialTunnel.cgr,79,5965,3D ObjectData,SpeakerBox.3ds,28,52,1,0x112,4,1360,2.0,3.392,1.68,
Render/Render_IndustrialTunnel.cgr,80,5966,3D ObjectData,SpeakerCone.3ds,96,188,1,0x112,4,4352,1.596,1.596,0.2418,
Render/Render_IndustrialTunnel.cgr,81,5968,3D ObjectData,SpeakerCone.3ds,96,188,1,0x112,4,4352,1.596,1.596,0.2418,
Render/Render_IndustrialTunnel.cgr,82,6226,3D ObjectData,3D ObjectData,1589,1918,1,0x112,4,62508,5.0225,7.2862,3.6973,
Render/Render_IndustrialTunnel.cgr,83,6229,3D ObjectData,3D ObjectData,1589,1918,1,0x112,4,62508,5.0225,7.2862,3.6973,
Render/Render_IndustrialTunnel.cgr,84,6231,MorphObject,MorphObject,1589,1918,1,0x112,4,62508,5.0225,7.2862,3.6973,
Render/Render_IndustrialTunnel.cgr,85,6320,3D ObjectData,EndPortal Model,944,1888,1,0x112,4,41688,2.2458,2.2458,0.5699,
Render/Render_IndustrialTunnel.cgr,86,6418,Tune_Wall,Tune_Wall,6000,8994,1,0x152,4,270124,0.0,0.0,0.0,
Render/Render_IndustrialTunnel.cgr,87,6421,Tune_Wall,Tune_Wall,1600,2394,1,0x152,4,72124,0.0,0.0,0.0,
Render/Render_IndustrialTunnel.cgr,88,6445,Tune_Wall,Tune_Wall,9200,13794,1,0x152,4,414124,0.0,0.0,0.0,
Render/Render_IndustrialTunnel.cgr,89,6446,3D ObjectData,default,560,904,1,0x112,4,23496,2.6109,2.6109,7.0428,
Render/Render_IndustrialTunnel.cgr,90,6709,Tune_Wall,RoadCliffExtended,2100,3588,1,0x152,4,97288,0.0,0.0,0.0,
Render/Render_IndustrialTunnel.cgr,91,6755,Tune_Wall,Tune_Wall,2100,3588,1,0x112,4,88880,99.0,99.0,99.0,
Render/Render_IndustrialTunnel.cgr,92,6816,HLSLObject,HLSLObject,0,0,0,0x000,4,88,0,0,0,
Render/Render_IndustrialTunnel.cgr,93,7044,Tune_Wall,Tune_Wall,2100,3588,1,0x152,4,97288,0.0,0.0,0.0,
Render/Render_IndustrialTunnel.cgr,94,7063,HLSLObject,HLSLObject,0,0,0,0x000,4,88,0,0,0,
Render/Render_IndustrialTunnel.cgr,95,7084,HLSLObject,HLSLObject,0,0,0,0x000,4,88,0,0,0,
Render/Render_IndustrialTunnel.cgr,96,7384,Tune_Wall,Tune_Wall,800,798,1,0x152,4,33748,0.0,0.0,0.0,
Render/Render_IndustrialTunnel.cgr,97,7420,Tune_Wall,Tune_Wall,800,1194,1,0x152,4,36124,0.0,0.0,0.0,
Render/Render_IndustrialTunnel.cgr,98,7436,Tune_Wall,Tune_Wall,800,1194,1,0x152,4,36124,0.0,0.0,0.0,
Render/Render_IndustrialTunnel.cgr,99,7638,3D ObjectData,RingModel,32,32,1,0x112,4,1368,2.0,2.0,0.0,
Render/Render_IndustrialTunnel.cgr,100,7784,CustomGeometry,CustomGeometry,16,2,1,0x112,4,680,0.0,0.0,0.0,
Render/Render_IndustrialTunnel.cgr,101,7929,HLSLObject,HLSLObject,0,0,0,0x000,4,88,0,0,0,
Render/Render_IndustrialTunnel.cgr,102,7976,HLSLObject,HLSLObject,0,0,0,0x000,4,88,0,0,0,
Render/Render_IndustrialTunnel.cgr,103,7998,HLSLObject,HLSLObject,0,0,0,0x000,4,88,0,0,0,
Render/Render_IndustrialTunnel.cgr,104,8004,HLSLObject,HLSLObject,0,0,0,0x000,4,88,0,0,0,
Render/Render_IndustrialTunnel.cgr,105,8019,HLSLObject,HLSLObject,0,0,0,0x000,4,88,0,0,0,
Render/RenderCommon.cgr,0,66,3D ObjectData,Material #1,723,660,1,0x112,4,27248,1.9832,1.7019,5.1705,
Render/RenderCommon.cgr,1,85,3D ObjectData,Shell,879,791,1,0x112,4,33026,1.9656,2.0019,3.6518,
Render/RenderCommon.cgr,2,101,3D ObjectData,Shell,900,871,1,0x112,4,34178,2.0009,1.7935,4.4935,
Render/RenderCommon.cgr,3,133,3D ObjectData,Shell,571,724,1,0x112,4,22768,2.2398,1.581,5.452,
Render/RenderCommon.cgr,4,149,3D ObjectData,Material #1,687,640,1,0x112,4,25976,1.9832,1.5253,5.1705,
Render/RenderCommon.cgr,5,150,3D ObjectData,commuterArrow2,7,10,1,0x112,4,436,1.356,1.9077,0.0,
Render/RenderCommon.cgr,6,275,3D ObjectData,cube2_auv,229,304,1,0x112,4,9304,6.0,1.1715,8.0,
Render/RenderCommon.cgr,7,302,3D ObjectData,default,420,784,1,0x112,4,18296,3.4703,1.8051,5.6422,
Render/RenderCommon.cgr,8,323,3D ObjectData,car12,2427,2244,1,0x112,4,91280,4.7309,3.7428,7.6193,
Render/RenderCommon.cgr,9,325,3D ObjectData,car1211,54,40,1,0x112,4,2120,4.1262,1.3117,7.0527,
Render/RenderCommon.cgr,10,327,3D ObjectData,car1211E,53,28,1,0x112,4,2016,2.418,0.5984,1.424,
Render/RenderCommon.cgr,11,329,3D ObjectData,car122,321,262,1,0x112,4,11996,4.4609,3.5232,6.6633,
Render/RenderCommon.cgr,12,385,3D ObjectData,ComdinedSmallCarNoWheels.3ds,518,502,1,0x112,4,19740,1.4172,1.202,3.094,
Render/RenderCommon.cgr,13,414,3D ObjectData,RoundCar.3ds,198,252,1,0x112,4,8000,2.2074,0.3699,2.0028,
Render/RenderCommon.cgr,14,657,3D ObjectData,material,4952,5352,1,0x112,4,190728,2.0135,2.0134,2.0134,
Render/RenderCommon.cgr,15,1010,3D ObjectData,DX8 3D ObjectData,1166,2074,2,0x212,4,59276,2.5032,5.1897,2.553,
Render/RenderCommon.cgr,16,1212,3D ObjectData,SmoothCube1.3ds,98,192,1,0x112,4,4440,1.3913,1.3836,1.391,
Render/RenderCommon.cgr,17,1263,3D ObjectData,cube1_auv,80,70,1,0x112,4,3132,1.3827,0.0878,1.3827,
Render/RenderCommon.cgr,18,1265,3D ObjectData,cube1_auv2,9,8,1,0x112,4,488,1.0246,0.0,1.0246,
Render/RenderCommon.cgr,19,1410,3D ObjectData,RocketModel,305,606,1,0x112,4,13548,3.8809,3.8809,9.6531,
Render/RenderCommon.cgr,20,1677,3D ObjectData,Hammer.3ds,260,516,1,0x112,4,11568,2.4973,2.5776,7.6343,
Render/RenderCommon.cgr,21,1799,3D ObjectData,Barge1.3ds,268,456,1,0x112,4,11464,2.5975,0.2308,2.0,
Render/RenderCommon.cgr,22,1837,3D ObjectData,Scoop.3ds,369,544,1,0x112,4,15224,2.0766,0.1281,0.413,
Render/RenderCommon.cgr,23,1851,3D ObjectData,car12,2427,2244,1,0x112,4,91280,4.7309,3.7428,7.6193,
Render/RenderCommon.cgr,24,1864,3D ObjectData,ComdinedSmallCarNoWheels.3ds,518,502,1,0x112,4,19740,1.4172,1.202,3.094,
Render/RenderCommon.cgr,25,1900,3D ObjectData,cube2_auv,229,304,1,0x112,4,9304,6.0,1.1715,8.0,
Render/RenderCommon.cgr,26,1927,3D ObjectData,default,420,784,1,0x112,4,18296,3.4703,1.8051,5.6422,
Render/RenderCommon.cgr,27,1954,3D ObjectData,TileFrame.3ds,16,32,1,0x112,4,856,1.0262,0.0308,1.0262,
Render/RenderCommon.cgr,28,2016,3D ObjectData,3D ObjectData,1275,1968,1,0x112,4,52760,3.0658,2.5184,8.5262,
Render/RenderCommon.cgr,29,2020,3D ObjectData,3D ObjectData,746,596,1,0x112,4,27600,3.6492,2.1859,5.7468,
Render/RenderCommon.cgr,30,2023,3D ObjectData,3D ObjectData,38,34,0,0x012,4,1228,2.0561,0.5089,2.105,
Render/RenderCommon.cgr,31,2029,3D ObjectData,3D ObjectData,181,154,1,0x112,4,6868,0.2661,1.9985,1.7018,
Render/RenderCommon.cgr,32,2033,3D ObjectData,3D ObjectData,76,68,1,0x112,4,2992,3.1784,0.0272,0.0272,
Render/RenderCommon.cgr,33,2037,3D ObjectData,3D ObjectData,952,1294,1,0x112,4,38380,3.502,1.7185,9.282,
Render/RenderCommon.cgr,34,2042,3D ObjectData,3D ObjectData,183,154,1,0x112,4,6932,0.262,1.9985,1.7018,
Render/RenderCommon.cgr,35,2178,3D ObjectData,3D ObjectData,1275,1968,1,0x112,4,52760,3.0658,2.5184,8.5262,
Render/RenderCommon.cgr,36,2181,3D ObjectData,3D ObjectData,746,596,1,0x112,4,27600,3.6492,2.1859,5.7468,
Render/RenderCommon.cgr,37,2184,3D ObjectData,3D ObjectData,38,34,0,0x012,4,1228,2.0561,0.5089,2.105,
Render/RenderCommon.cgr,38,2195,3D ObjectData,3D ObjectData,181,154,1,0x112,4,6868,0.2661,1.9985,1.7018,
Render/RenderCommon.cgr,39,2199,3D ObjectData,3D ObjectData,76,68,1,0x112,4,2992,3.1784,0.0272,0.0272,
Render/RenderCommon.cgr,40,2205,3D ObjectData,3D ObjectData,952,1294,1,0x112,4,38380,3.502,1.7185,9.282,
Render/RenderCommon.cgr,41,2211,3D ObjectData,3D ObjectData,183,154,1,0x112,4,6932,0.262,1.9985,1.7018,
Render/RenderCommon.cgr,42,2251,3D ObjectData,car12,2427,2244,1,0x112,4,91280,4.7309,3.7428,7.6193,
Render/RenderCommon.cgr,43,2253,3D ObjectData,car1211,54,40,1,0x112,4,2120,4.1262,1.3117,7.0527,
Render/RenderCommon.cgr,44,2255,3D ObjectData,car1211E,53,28,1,0x112,4,2016,2.418,0.5984,1.424,
Render/RenderCommon.cgr,45,2257,3D ObjectData,car122,321,262,1,0x112,4,11996,4.4609,3.5232,6.6633,
Render/RenderCommon.cgr,46,2299,3D ObjectData,OriginalTruck.3ds,100,72,1,0x112,4,3784,6.06,6.324,13.912,
Render/RenderCommon.cgr,47,2302,3D ObjectData,car12,3925,2244,1,0x112,4,139216,230.1019,182.0408,370.5883,
Render/RenderCommon.cgr,48,2304,3D ObjectData,car1211,71,40,1,0x112,4,2664,200.6928,63.7989,343.0285,
Render/RenderCommon.cgr,49,2306,3D ObjectData,car122,555,262,1,0x112,4,19484,216.9721,171.3616,324.0888,
Render/RenderCommon.cgr,50,2308,3D ObjectData,car1211E,58,28,1,0x112,4,2176,117.6093,29.1043,69.2629,
Render/RenderCommon.cgr,51,2364,3D ObjectData,Car07e,1918,1072,1,0x112,4,67960,105.4366,58.5987,111.4607,
Render/RenderCommon.cgr,52,2366,3D ObjectData,Car07,277,158,1,0x112,4,9964,94.3671,47.5867,94.4909,
Render/RenderCommon.cgr,53,2368,3D ObjectData,Car07e2,356,158,1,0x112,4,12492,115.7326,40.2917,130.5606,
Render/RenderCommon.cgr,54,2370,3D ObjectData,Car071,97,54,1,0x112,4,3580,42.0761,20.0525,45.0398,
Render/RenderCommon.cgr,55,2480,3D ObjectData,StickManRiderHeadless.3ds,468,880,1,0x112,4,20408,3.4703,1.8051,4.4125,
Render/RenderCommon.cgr,56,2485,3D ObjectData,InvertedSmallCarNoWheels.3ds,480,482,1,0x112,4,18404,1.4172,1.174,3.094,
Render/RenderCommon.cgr,57,2530,3D ObjectData,scoop.3ds,64,112,1,0x112,4,2872,5.2501,2.0,3.4585,
Render/RenderCommon.cgr,58,2723,3D ObjectData,Arrow.3ds,16,28,1,0x112,4,832,2.0,4.1642,0.184,
Render/RenderCommon.cgr,59,2776,Tune_Wall,Tune_Wall,6,4,1,0x142,4,320,52.0,91.0,66.0,
Render/RenderCommon.cgr,60,2937,Tune_Car,Tune_Car,54,104,1,0x112,4,2504,0.0,0.0,0.0,
Render/RenderCommon.cgr,61,2990,Tune_Car,Tune_Car,54,104,1,0x112,4,2504,0.0,0.0,0.0,
Render/RenderCommon.cgr,62,3119,3D ObjectData,plainTriangle.3ds,8,12,1,0x112,4,480,2.0,0.156,2.0,
Render/RenderCommon.cgr,63,3189,3D ObjectData,thruster.3ds,16,28,1,0x112,4,832,0.56,0.56,0.6601,
Render/RenderCommon.cgr,64,3220,3D ObjectData,SteeringFin.3ds,76,148,1,0x112,4,3472,3.5063,0.839,1.1161,
Render/RenderCommon.cgr,65,3251,3D ObjectData,cockpit.3ds,114,224,1,0x112,4,5144,0.616,0.8079,3.1644,
Render/RenderCommon.cgr,66,3282,3D ObjectData,spoiler.3ds,28,52,1,0x112,4,1360,3.466,0.4206,0.8902,
Render/RenderCommon.cgr,67,3289,3D ObjectData,TightGrid.3ds,1296,2588,1,0x112,4,57152,1.9981,0.0,1.9981,
Render/RenderCommon.cgr,68,3290,3D ObjectData,tightgrid.3ds,1300,2588,1,0x112,4,57280,0.9752,0.0,0.9752,
Render/RenderCommon.cgr,69,3447,3D ObjectData,squareFrame.3ds,16,32,1,0x112,4,856,2.0,2.0,0.0887,
Render/RenderCommon.cgr,70,3472,3D ObjectData,star.3ds,150,300,1,0x112,4,6752,1.7297,1.6495,0.4568,
Render/RenderCommon.cgr,71,3480,3D ObjectData,x?.3ds,80,148,1,0x112,4,3600,1.3153,1.4609,0.2,
Render/RenderCommon.cgr,72,3691,Tune_Forest,Tune_Forest,64,32,1,0x142,4,1880,0.0,0.0,0.0,
Render/RenderCommon.cgr,73,3905,Tune_Forest,Tune_Forest,64,32,1,0x142,4,1880,0.0,0.0,0.0,
Render/RenderCommon.cgr,74,4076,Tune_Forest,Tune_Forest,64,32,1,0x142,4,1880,0.0,0.0,0.0,
Render/RenderCommon.cgr,75,4247,Tune_Forest,Tune_Forest,64,32,1,0x142,4,1880,0.0,0.0,0.0,
Render/RenderCommon.cgr,76,4343,3D ObjectData,cube3_sep2_auv,361,424,1,0x112,4,14248,2.8685,2.4944,5.1217,
Render/RenderCommon.cgr,77,4368,3D ObjectData,TransitionBlock_Objectdata,100,120,1,0x112,4,4072,1.8968,1.8968,1.8968,
Render/RenderCommon.cgr,78,4392,3D ObjectData,ShadowArrowTruck.3ds,378,433,1,0x112,4,14846,2.8685,6.7313,5.308,
Render/RenderCommon.cgr,79,4393,3D ObjectData,ShadowTruck.3ds,371,428,1,0x112,4,14592,2.8685,3.1717,5.308,
Render/RenderCommon.cgr,80,4394,3D ObjectData,NoArrow.3ds,371,428,1,0x112,4,14592,2.8685,3.1717,5.308,
Render/RenderCommon.cgr,81,4395,3D ObjectData,BigCubeBorderwArrow,378,433,1,0x112,4,14846,2.8685,6.7313,5.308,
Render/RenderCommon.cgr,82,4720,Tune_Thruster,Tune_Thruster,392,660,1,0x142,4,13520,99.0,99.0,99.0,
Render/RenderCommon.cgr,83,4932,Tune_Thruster,Tune_Thruster,392,660,1,0x142,4,13520,99.0,99.0,99.0,
Render/RenderCommon.cgr,84,5093,3D ObjectData,SortIcon.3ds,18,28,1,0x112,4,896,1.924,2.31,0.3963,
Render/RenderCommon.cgr,85,5096,3D ObjectData,TubeCarShadow.3ds,24,44,1,0x112,4,1184,3.936,0.072,10.952,
Render/RenderCommon.cgr,86,5124,3D ObjectData,FrameTrafficArrow.3ds,1255,1298,1,0x112,4,48100,2.9821,6.8242,7.6463,
Render/RenderCommon.cgr,87,5125,3D ObjectData,FramedTrafficNoArrow.3ds,1241,1288,1,0x112,4,47592,2.9821,3.5838,7.6463,
Render/RenderCommon.cgr,88,5167,3D ObjectData,BillboardCar.3ds,368,184,1,0x112,4,13032,1.6427,1.1796,2.2301,
Render/RenderCommon.cgr,89,5198,3D ObjectData,commuterNew1.3ds,707,820,1,0x112,4,27696,3.3246,1.5295,4.2436,
Render/RenderCommon.cgr,90,5203,3D ObjectData,ElevatedSphere3ds,114,224,1,0x112,4,5144,2.0,2.0,2.0,
Render/RenderCommon.cgr,91,5378,3D ObjectData,PaintBomb.3ds,202,400,1,0x112,4,9016,2.3423,2.7316,2.0,
Render/RenderCommon.cgr,92,5385,3D ObjectData,ArrowPedestal.3ds,61,118,1,0x112,4,2812,3.9811,3.6561,2.288,
Render/RenderCommon.cgr,93,5536,3D ObjectData,CommuterNew_NoShadow.3ds,619,736,1,0x112,4,24376,3.3246,1.5271,4.1428,
Render/RenderCommon.cgr,94,5539,3D ObjectData,Commuter_NoShadow_NoWheels.3ds,371,496,1,0x112,4,15000,3.3246,1.2446,4.1428,
Render/RenderCommon.cgr,95,5549,3D ObjectData,storm.3ds,56,108,1,0x112,4,2592,1.7344,1.4671,1.7344,
Render/RoadSupports.cgr,0,97,CustomGeometry,CustomGeometry,550,146,0,0x012,4,14192,0.0,0.0,0.0,
SongSelector/SongSelector.cgr,0,982,CustomGeometry,CustomGeometry,4,0,0,0x042,4,180,0.0,0.0,0.0,
start - project loader.cgr,0,1001,CustomGeometry,Square_Custom,4,0,1,0x112,4,284,0.0,0.0,0.0,
Support/QuestionBoxOverlord.cgr,0,157,3D ObjectData,x2,74,140,1,0x112,4,3360,1.7203,1.4375,0.2,
Support/QuestionBoxOverlord.cgr,1,160,3D ObjectData,x3,90,172,1,0x112,4,4064,1.632,1.4637,0.2,
Support/QuestionBoxOverlord.cgr,2,161,3D ObjectData,x4,58,112,1,0x112,4,2680,1.7172,1.4316,0.2,
Support/QuestionBoxOverlord.cgr,3,162,3D ObjectData,x5,74,140,1,0x112,4,3360,1.6733,1.4365,0.2,
Support/QuestionBoxOverlord.cgr,4,163,3D ObjectData,x6,86,168,1,0x112,4,3912,1.6616,1.4619,0.2,
Support/QuestionBoxOverlord.cgr,5,164,3D ObjectData,x7,52,96,1,0x112,4,2392,1.5475,1.4131,0.2,
Support/QuestionBoxOverlord.cgr,6,165,3D ObjectData,x8,96,192,1,0x112,4,4376,1.6233,1.4619,0.2,
Support/QuestionBoxOverlord.cgr,7,166,3D ObjectData,x9,90,176,1,0x112,4,4088,1.6477,1.4619,0.2,
XX_StartHere.cgr,0,945,3D ObjectData,DX8 3D ObjectData,3072,1568,1,0x112,4,107864,1.3921,2.8687,2.0118,
XX_StartHere.cgr,1,948,3D ObjectData,DX8 3D ObjectData,1144,703,1,0x112,4,40978,0.544,0.4486,0.4955,
XX_StartHere.cgr,2,951,3D ObjectData,DX8 3D ObjectData,89,48,1,0x112,4,3288,0.451,0.2827,0.4444,
XX_StartHere.cgr,3,2813,HLSLObject,HLSLObject,0,0,0,0x000,4,88,0,0,0,
XX_StartHere.cgr,4,2820,HLSLObject,HLSLObject,0,0,0,0x000,4,88,0,0,0,
XX_StartHere.cgr,5,2829,HLSLObject,HLSLObject,0,0,0,0x000,4,88,0,0,0,
XX_StartHere.cgr,6,2837,HLSLObject,HLSLObject,0,0,0,0x000,4,88,0,0,0,
XX_StartHere.cgr,7,2846,HLSLObject,HLSLObject,0,0,0,0x000,4,88,0,0,0,
XX_StartHere.cgr,8,2854,HLSLObject,HLSLObject,0,0,0,0x000,4,88,0,0,0,
XX_StartHere.cgr,9,2983,HLSLObject,HLSLObject,0,0,0,0x000,4,88,0,0,0,
XX_StartHere.cgr,10,3074,HLSLObject,HLSLObject,0,0,0,0x000,4,88,0,0,0,
XX_StartHere.cgr,11,6174,HLSLObject,HLSLObject,0,0,0,0x000,4,88,0,0,0,
XX_StartHere.cgr,12,6184,HLSLObject,HLSLObject,0,0,0,0x000,4,88,0,0,0,
XX_StartHere.cgr,13,6328,Texter_Unicode,Texter_Unicode,0,0,0,0x000,4,88,0,0,0,
